App,Controller,Topology,Steps,rw_delta,ww_delta,alt_barr,data_deps,num_read,num_writes,num_ops,num_rw_time_edges,num_ww_time_edges,num_time_edges,num_harmful,num_commute,num_races,num_covered,num_per_pkt_races,num_per_pkt_inconsistent,num_per_pkt_inconsistent_covered,num_per_pkt_entry_version_race,num_per_pkt_inconsistent_no_repeat,num_versions,num_racing_versions
Forwarding,POX EEL,BinTree1,200,0,0,False,True,205,100,305,1021,139,1160,0,5287,5287,0,0,0,0,0,0,41,0
Forwarding,POX EEL,BinTree1,200,0,0,True,True,205,100,305,1203,426,1629,0,6782,6782,0,0,0,0,0,0,41,0
Forwarding,POX EEL,BinTree1,200,1,1,False,True,205,100,305,1003,136,1139,21,5287,5308,0,14,13,0,1,11,41,1
Forwarding,POX EEL,BinTree1,200,1,1,True,True,205,100,305,1177,420,1597,32,6782,6814,6,13,6,3,4,6,41,1
Forwarding,POX EEL,BinTree1,200,2,2,False,True,205,100,305,988,136,1124,36,5287,5323,0,20,19,0,1,16,41,1
Forwarding,POX EEL,BinTree1,200,2,2,True,True,205,100,305,1160,420,1580,49,6782,6831,6,18,12,3,3,11,41,1
Forwarding,POX EEL,BinTree1,200,3,3,False,True,205,100,305,976,133,1109,51,5287,5338,0,26,22,0,4,16,41,2
Forwarding,POX EEL,BinTree1,200,3,3,True,True,205,100,305,1147,417,1564,65,6782,6847,10,25,14,4,7,11,41,2
Forwarding,POX EEL,BinTree1,200,4,4,False,True,205,100,305,966,133,1099,61,5287,5348,0,28,26,0,2,19,41,2
Forwarding,POX EEL,BinTree1,200,4,4,True,True,205,100,305,1137,417,1554,75,6782,6857,12,27,17,5,5,11,41,2
Forwarding,POX EEL,BinTree1,200,5,5,False,True,205,100,305,949,130,1079,81,5287,5368,0,33,31,0,2,22,41,3
Forwarding,POX EEL,BinTree1,200,5,5,True,True,205,100,305,1120,414,1534,95,6782,6877,17,32,21,7,4,12,41,3
Forwarding,POX EEL,BinTree1,200,6,6,False,True,205,100,305,920,121,1041,119,5287,5406,1,40,35,1,4,25,41,6
Forwarding,POX EEL,BinTree1,200,6,6,True,True,205,100,305,1086,382,1468,161,6782,6943,21,40,25,8,7,18,41,11
Forwarding,POX EEL,BinTree1,200,7,7,False,True,205,100,305,900,121,1021,139,5287,5426,1,47,39,1,7,26,41,6
Forwarding,POX EEL,BinTree1,200,7,7,True,True,205,100,305,1058,340,1398,231,6782,7013,25,48,28,9,11,19,41,18
Forwarding,POX EEL,BinTree1,200,8,8,False,True,205,100,305,870,120,990,170,5287,5457,12,55,43,1,11,26,41,7
Forwarding,POX EEL,BinTree1,200,8,8,True,True,205,100,305,1020,327,1347,282,6782,7064,26,56,32,9,15,21,41,21
Forwarding,POX EEL,BinTree1,200,9,9,False,True,205,100,305,842,118,960,200,5287,5487,22,61,46,3,12,29,41,7
Forwarding,POX EEL,BinTree1,200,9,9,True,True,205,100,305,978,288,1266,363,6782,7145,28,62,34,10,18,23,41,28
Forwarding,POX EEL,BinTree1,200,10,10,False,True,205,100,305,806,113,919,241,5287,5528,41,65,48,4,13,32,41,9
Forwarding,POX EEL,BinTree1,200,10,10,True,True,205,100,305,933,264,1197,432,6782,7214,28,67,37,9,21,27,41,32
Forwarding,POX EEL,BinTree1,200,inf,inf,False,True,205,100,305,0,0,0,1160,5287,6447,853,77,57,20,0,28,41,43
Forwarding,POX EEL,BinTree1,200,inf,inf,True,True,205,100,305,0,0,0,1629,6782,8411,30,78,55,0,23,25,41,90
Forwarding,POX EEL,Mesh2,200,0,0,False,True,103,20,123,370,8,378,0,562,562,0,0,0,0,0,0,14,0
Forwarding,POX EEL,Mesh2,200,0,0,True,True,103,20,123,405,42,447,0,650,650,0,0,0,0,0,0,14,0
Forwarding,POX EEL,Mesh2,200,1,1,False,True,103,20,123,366,8,374,4,562,566,0,5,4,0,1,3,14,0
Forwarding,POX EEL,Mesh2,200,1,1,True,True,103,20,123,397,40,437,10,650,660,1,4,3,1,0,2,14,0
Forwarding,POX EEL,Mesh2,200,2,2,False,True,103,20,123,359,6,365,13,562,575,3,9,6,2,1,4,14,1
Forwarding,POX EEL,Mesh2,200,2,2,True,True,103,20,123,388,38,426,21,650,671,1,9,7,1,1,3,14,1
Forwarding,POX EEL,Mesh2,200,3,3,False,True,103,20,123,347,6,353,25,562,587,9,15,9,5,1,4,14,1
Forwarding,POX EEL,Mesh2,200,3,3,True,True,103,20,123,376,38,414,33,650,683,3,15,11,3,1,3,14,1
Forwarding,POX EEL,Mesh2,200,4,4,False,True,103,20,123,339,4,343,35,562,597,14,19,10,7,2,4,14,2
Forwarding,POX EEL,Mesh2,200,4,4,True,True,103,20,123,368,36,404,43,650,693,4,19,14,4,1,3,14,2
Forwarding,POX EEL,Mesh2,200,5,5,False,True,103,20,123,336,4,340,38,562,600,16,20,11,8,1,4,14,2
Forwarding,POX EEL,Mesh2,200,5,5,True,True,103,20,123,365,36,401,46,650,696,4,20,16,4,0,3,14,2
Forwarding,POX EEL,Mesh2,200,6,6,False,True,103,20,123,324,4,328,50,562,612,20,26,15,10,1,4,14,2
Forwarding,POX EEL,Mesh2,200,6,6,True,True,103,20,123,353,36,389,58,650,708,6,26,20,6,0,3,14,2
Forwarding,POX EEL,Mesh2,200,7,7,False,True,103,20,123,308,3,311,67,562,629,28,32,17,14,1,5,14,3
Forwarding,POX EEL,Mesh2,200,7,7,True,True,103,20,123,337,35,372,75,650,725,8,33,24,8,1,5,14,3
Forwarding,POX EEL,Mesh2,200,8,8,False,True,103,20,123,300,2,302,76,562,638,30,35,19,15,1,5,14,3
Forwarding,POX EEL,Mesh2,200,8,8,True,True,103,20,123,322,24,346,101,650,751,9,37,29,8,0,7,14,5
Forwarding,POX EEL,Mesh2,200,9,9,False,True,103,20,123,274,2,276,102,562,664,45,43,24,18,1,7,14,3
Forwarding,POX EEL,Mesh2,200,9,9,True,True,103,20,123,294,24,318,129,650,779,10,45,36,9,0,10,14,5
Forwarding,POX EEL,Mesh2,200,10,10,False,True,103,20,123,248,0,248,130,562,692,64,48,25,22,1,7,14,4
Forwarding,POX EEL,Mesh2,200,10,10,True,True,103,20,123,267,12,279,168,650,818,12,50,40,9,1,12,14,8
Forwarding,POX EEL,Mesh2,200,inf,inf,False,True,103,20,123,0,0,0,378,562,940,308,48,25,22,1,5,14,4
Forwarding,POX EEL,Mesh2,200,inf,inf,True,True,103,20,123,0,0,0,447,650,1097,12,50,50,0,0,6,14,11
Forwarding,POX EEL,Star2,200,0,0,False,True,37,8,45,59,0,59,0,183,183,0,0,0,0,0,0,5,0
Forwarding,POX EEL,Star2,200,0,0,True,True,37,8,45,68,7,75,0,233,233,0,0,0,0,0,0,5,0
Forwarding,POX EEL,Star2,200,1,1,False,True,37,8,45,57,0,57,2,183,185,0,2,0,0,2,0,5,0
Forwarding,POX EEL,Star2,200,1,1,True,True,37,8,45,64,6,70,5,233,238,0,4,0,0,4,0,5,0
Forwarding,POX EEL,Star2,200,2,2,False,True,37,8,45,54,0,54,5,183,188,2,5,0,2,3,0,5,0
Forwarding,POX EEL,Star2,200,2,2,True,True,37,8,45,60,6,66,9,233,242,0,8,0,0,8,0,5,0
Forwarding,POX EEL,Star2,200,3,3,False,True,37,8,45,52,0,52,7,183,190,3,7,0,3,4,0,5,0
Forwarding,POX EEL,Star2,200,3,3,True,True,37,8,45,58,6,64,11,233,244,0,10,0,0,10,0,5,0
Forwarding,POX EEL,Star2,200,4,4,False,True,37,8,45,49,0,49,10,183,193,5,10,0,5,5,0,5,0
Forwarding,POX EEL,Star2,200,4,4,True,True,37,8,45,55,6,61,14,233,247,0,13,0,0,13,0,5,0
Forwarding,POX EEL,Star2,200,5,5,False,True,37,8,45,47,0,47,12,183,195,5,12,0,5,7,0,5,0
Forwarding,POX EEL,Star2,200,5,5,True,True,37,8,45,53,6,59,16,233,249,0,15,0,0,15,0,5,0
Forwarding,POX EEL,Star2,200,6,6,False,True,37,8,45,43,0,43,16,183,199,7,16,0,7,9,0,5,0
Forwarding,POX EEL,Star2,200,6,6,True,True,37,8,45,49,6,55,20,233,253,0,19,0,0,19,0,5,0
Forwarding,POX EEL,Star2,200,7,7,False,True,37,8,45,39,0,39,20,183,203,9,20,0,9,11,0,5,0
Forwarding,POX EEL,Star2,200,7,7,True,True,37,8,45,45,6,51,24,233,257,0,23,0,0,23,0,5,0
Forwarding,POX EEL,Star2,200,8,8,False,True,37,8,45,34,0,34,25,183,208,11,25,0,11,14,0,5,0
Forwarding,POX EEL,Star2,200,8,8,True,True,37,8,45,40,6,46,29,233,262,0,28,0,0,28,0,5,0
Forwarding,POX EEL,Star2,200,9,9,False,True,37,8,45,31,0,31,28,183,211,14,28,0,14,14,0,5,0
Forwarding,POX EEL,Star2,200,9,9,True,True,37,8,45,37,6,43,32,233,265,0,31,0,0,31,0,5,0
Forwarding,POX EEL,Star2,200,10,10,False,True,37,8,45,31,0,31,28,183,211,14,28,0,14,14,0,5,0
Forwarding,POX EEL,Star2,200,10,10,True,True,37,8,45,37,6,43,32,233,265,0,31,0,0,31,0,5,0
Forwarding,POX EEL,Star2,200,inf,inf,False,True,37,8,45,0,0,0,59,183,242,42,31,0,28,3,0,5,0
Forwarding,POX EEL,Star2,200,inf,inf,True,True,37,8,45,0,0,0,75,233,308,0,34,0,0,34,0,5,3
Forwarding,POX EEL Fixed,BinTree1,200,0,0,False,True,198,106,304,258,0,258,0,4609,4609,0,0,0,0,0,0,47,0
Forwarding,POX EEL Fixed,BinTree1,200,0,0,True,True,198,106,304,378,103,481,0,8235,8235,0,0,0,0,0,0,47,0
Forwarding,POX EEL Fixed,BinTree1,200,1,1,False,True,198,106,304,234,0,234,24,4609,4633,0,23,21,0,2,13,47,0
Forwarding,POX EEL Fixed,BinTree1,200,1,1,True,True,198,106,304,345,100,445,36,8235,8271,0,14,7,0,7,7,47,0
Forwarding,POX EEL Fixed,BinTree1,200,2,2,False,True,198,106,304,226,0,226,32,4609,4641,1,28,22,0,6,15,47,0
Forwarding,POX EEL Fixed,BinTree1,200,2,2,True,True,198,106,304,329,100,429,52,8235,8287,4,21,11,1,9,10,47,0
Forwarding,POX EEL Fixed,BinTree1,200,3,3,False,True,198,106,304,221,0,221,37,4609,4646,3,30,23,1,6,16,47,0
Forwarding,POX EEL Fixed,BinTree1,200,3,3,True,True,198,106,304,324,100,424,57,8235,8292,6,23,12,2,9,11,47,0
Forwarding,POX EEL Fixed,BinTree1,200,4,4,False,True,198,106,304,212,0,212,46,4609,4655,9,32,24,3,5,17,47,0
Forwarding,POX EEL Fixed,BinTree1,200,4,4,True,True,198,106,304,315,100,415,66,8235,8301,9,25,13,4,8,12,47,0
Forwarding,POX EEL Fixed,BinTree1,200,5,5,False,True,198,106,304,202,0,202,56,4609,4665,13,37,25,4,8,18,47,0
Forwarding,POX EEL Fixed,BinTree1,200,5,5,True,True,198,106,304,303,100,403,78,8235,8313,11,31,15,4,12,14,47,0
Forwarding,POX EEL Fixed,BinTree1,200,6,6,False,True,198,106,304,185,0,185,73,4609,4682,23,43,27,8,8,19,47,0
Forwarding,POX EEL Fixed,BinTree1,200,6,6,True,True,198,106,304,284,100,384,97,8235,8332,15,37,19,5,13,16,47,0
Forwarding,POX EEL Fixed,BinTree1,200,7,7,False,True,198,106,304,174,0,174,84,4609,4693,28,47,30,7,10,19,47,0
Forwarding,POX EEL Fixed,BinTree1,200,7,7,True,True,198,106,304,268,100,368,113,8235,8348,18,42,21,6,15,15,47,0
Forwarding,POX EEL Fixed,BinTree1,200,8,8,False,True,198,106,304,160,0,160,98,4609,4707,31,54,33,9,12,20,47,0
Forwarding,POX EEL Fixed,BinTree1,200,8,8,True,True,198,106,304,250,100,350,131,8235,8366,20,50,25,8,17,17,47,0
Forwarding,POX EEL Fixed,BinTree1,200,9,9,False,True,198,106,304,143,0,143,115,4609,4724,38,60,37,10,13,20,47,0
Forwarding,POX EEL Fixed,BinTree1,200,9,9,True,True,198,106,304,232,100,332,149,8235,8384,25,57,29,9,19,16,47,0
Forwarding,POX EEL Fixed,BinTree1,200,10,10,False,True,198,106,304,134,0,134,124,4609,4733,42,65,37,11,17,19,47,0
Forwarding,POX EEL Fixed,BinTree1,200,10,10,True,True,198,106,304,219,100,319,162,8235,8397,30,63,31,10,22,17,47,0
Forwarding,POX EEL Fixed,BinTree1,200,inf,inf,False,True,198,106,304,0,0,0,258,4609,4867,156,72,38,30,4,25,47,0
Forwarding,POX EEL Fixed,BinTree1,200,inf,inf,True,True,198,106,304,0,0,0,481,8235,8716,38,76,51,0,25,26,47,20
Forwarding,POX EEL Fixed,BinTree2,200,0,0,False,True,266,510,776,454,206,660,0,28231,28231,0,0,0,0,0,0,451,0
Forwarding,POX EEL Fixed,BinTree2,200,0,0,True,True,266,510,776,563,465,1028,0,37459,37459,0,0,0,0,0,0,451,0
Forwarding,POX EEL Fixed,BinTree2,200,1,1,False,True,266,510,776,449,206,655,5,28231,28236,0,7,4,0,3,2,451,0
Forwarding,POX EEL Fixed,BinTree2,200,1,1,True,True,266,510,776,554,458,1012,16,37459,37475,0,8,2,0,6,2,451,0
Forwarding,POX EEL Fixed,BinTree2,200,2,2,False,True,266,510,776,442,206,648,12,28231,28243,0,11,5,0,6,4,451,0
Forwarding,POX EEL Fixed,BinTree2,200,2,2,True,True,266,510,776,543,458,1001,27,37459,37486,0,15,3,0,12,3,451,0
Forwarding,POX EEL Fixed,BinTree2,200,3,3,False,True,266,510,776,434,206,640,20,28231,28251,1,19,12,0,7,8,451,0
Forwarding,POX EEL Fixed,BinTree2,200,3,3,True,True,266,510,776,527,458,985,43,37459,37502,0,21,8,0,13,8,451,0
Forwarding,POX EEL Fixed,BinTree2,200,4,4,False,True,266,510,776,429,206,635,25,28231,28256,2,24,18,0,6,13,451,0
Forwarding,POX EEL Fixed,BinTree2,200,4,4,True,True,266,510,776,519,458,977,51,37459,37510,1,23,9,1,13,9,451,0
Forwarding,POX EEL Fixed,BinTree2,200,5,5,False,True,266,510,776,420,206,626,34,28231,28265,5,27,19,0,8,15,451,0
Forwarding,POX EEL Fixed,BinTree2,200,5,5,True,True,266,510,776,508,458,966,62,37459,37521,2,25,9,1,15,9,451,0
Forwarding,POX EEL Fixed,BinTree2,200,6,6,False,True,266,510,776,414,206,620,40,28231,28271,6,28,19,0,9,17,451,0
Forwarding,POX EEL Fixed,BinTree2,200,6,6,True,True,266,510,776,500,458,958,70,37459,37529,3,26,10,1,15,10,451,0
Forwarding,POX EEL Fixed,BinTree2,200,7,7,False,True,266,510,776,409,206,615,45,28231,28276,9,30,19,0,11,17,451,0
Forwarding,POX EEL Fixed,BinTree2,200,7,7,True,True,266,510,776,494,458,952,76,37459,37535,5,28,11,1,16,11,451,0
Forwarding,POX EEL Fixed,BinTree2,200,8,8,False,True,266,510,776,403,206,609,51,28231,28282,9,34,19,0,15,17,451,0
Forwarding,POX EEL Fixed,BinTree2,200,8,8,True,True,266,510,776,486,458,944,84,37459,37543,6,33,13,1,19,13,451,0
Forwarding,POX EEL Fixed,BinTree2,200,9,9,False,True,266,510,776,394,206,600,60,28231,28291,10,43,23,0,20,21,451,0
Forwarding,POX EEL Fixed,BinTree2,200,9,9,True,True,266,510,776,473,458,931,97,37459,37556,7,39,14,1,24,14,451,0
Forwarding,POX EEL Fixed,BinTree2,200,10,10,False,True,266,510,776,393,206,599,61,28231,28292,10,43,23,0,20,21,451,0
Forwarding,POX EEL Fixed,BinTree2,200,10,10,True,True,266,510,776,471,458,929,99,37459,37558,7,40,14,1,25,14,451,0
Forwarding,POX EEL Fixed,BinTree2,200,inf,inf,False,True,266,510,776,0,0,0,660,28231,28891,247,120,54,24,42,51,451,69
Forwarding,POX EEL Fixed,BinTree2,200,inf,inf,True,True,266,510,776,0,0,0,1028,37459,38487,35,125,34,2,89,31,451,113
Forwarding,POX EEL Fixed,Mesh2,200,0,0,False,True,107,16,123,189,0,189,0,585,585,0,0,0,0,0,0,15,0
Forwarding,POX EEL Fixed,Mesh2,200,0,0,True,True,107,16,123,208,14,222,0,672,672,0,0,0,0,0,0,15,0
Forwarding,POX EEL Fixed,Mesh2,200,1,1,False,True,107,16,123,182,0,182,7,585,592,1,5,1,1,3,1,15,0
Forwarding,POX EEL Fixed,Mesh2,200,1,1,True,True,107,16,123,199,12,211,11,672,683,1,5,2,1,2,2,15,0
Forwarding,POX EEL Fixed,Mesh2,200,2,2,False,True,107,16,123,165,0,165,24,585,609,11,14,4,8,2,1,15,0
Forwarding,POX EEL Fixed,Mesh2,200,2,2,True,True,107,16,123,176,12,188,34,672,706,5,17,10,5,2,5,15,0
Forwarding,POX EEL Fixed,Mesh2,200,3,3,False,True,107,16,123,154,0,154,35,585,620,20,18,5,12,1,1,15,0
Forwarding,POX EEL Fixed,Mesh2,200,3,3,True,True,107,16,123,165,12,177,45,672,717,8,21,13,8,0,4,15,0
Forwarding,POX EEL Fixed,Mesh2,200,4,4,False,True,107,16,123,145,0,145,44,585,629,26,23,5,17,1,1,15,0
Forwarding,POX EEL Fixed,Mesh2,200,4,4,True,True,107,16,123,156,12,168,54,672,726,12,26,13,12,1,4,15,0
Forwarding,POX EEL Fixed,Mesh2,200,5,5,False,True,107,16,123,131,0,131,58,585,643,34,30,6,22,2,1,15,0
Forwarding,POX EEL Fixed,Mesh2,200,5,5,True,True,107,16,123,142,12,154,68,672,740,18,33,14,18,1,4,15,0
Forwarding,POX EEL Fixed,Mesh2,200,6,6,False,True,107,16,123,120,0,120,69,585,654,44,35,7,27,1,1,15,0
Forwarding,POX EEL Fixed,Mesh2,200,6,6,True,True,107,16,123,131,12,143,79,672,751,21,38,17,21,0,4,15,0
Forwarding,POX EEL Fixed,Mesh2,200,7,7,False,True,107,16,123,113,0,113,76,585,661,46,40,8,29,3,1,15,0
Forwarding,POX EEL Fixed,Mesh2,200,7,7,True,True,107,16,123,124,12,136,86,672,758,22,43,18,22,3,4,15,0
Forwarding,POX EEL Fixed,Mesh2,200,8,8,False,True,107,16,123,103,0,103,86,585,671,53,45,9,34,2,1,15,0
Forwarding,POX EEL Fixed,Mesh2,200,8,8,True,True,107,16,123,114,12,126,96,672,768,25,48,20,25,3,4,15,0
Forwarding,POX EEL Fixed,Mesh2,200,9,9,False,True,107,16,123,97,0,97,92,585,677,59,47,9,37,1,1,15,0
Forwarding,POX EEL Fixed,Mesh2,200,9,9,True,True,107,16,123,108,12,120,102,672,774,28,50,21,28,1,4,15,0
Forwarding,POX EEL Fixed,Mesh2,200,10,10,False,True,107,16,123,96,0,96,93,585,678,60,47,9,37,1,1,15,0
Forwarding,POX EEL Fixed,Mesh2,200,10,10,True,True,107,16,123,107,12,119,103,672,775,29,50,21,29,0,4,15,0
Forwarding,POX EEL Fixed,Mesh2,200,inf,inf,False,True,107,16,123,0,0,0,189,585,774,152,49,10,37,2,2,15,0
Forwarding,POX EEL Fixed,Mesh2,200,inf,inf,True,True,107,16,123,0,0,0,222,672,894,29,52,52,0,0,7,15,4
Forwarding,POX EEL Fixed,Star2,200,0,0,False,True,40,8,48,72,2,74,0,238,238,0,0,0,0,0,0,6,0
Forwarding,POX EEL Fixed,Star2,200,0,0,True,True,40,8,48,76,7,83,0,252,252,0,0,0,0,0,0,6,0
Forwarding,POX EEL Fixed,Star2,200,1,1,False,True,40,8,48,68,2,70,4,238,242,2,4,0,2,2,0,6,0
Forwarding,POX EEL Fixed,Star2,200,1,1,True,True,40,8,48,70,6,76,7,252,259,0,6,0,0,6,0,6,0
Forwarding,POX EEL Fixed,Star2,200,2,2,False,True,40,8,48,63,2,65,9,238,247,3,9,0,3,6,0,6,0
Forwarding,POX EEL Fixed,Star2,200,2,2,True,True,40,8,48,65,6,71,12,252,264,0,11,0,0,11,0,6,0
Forwarding,POX EEL Fixed,Star2,200,3,3,False,True,40,8,48,60,2,62,12,238,250,4,12,0,4,8,0,6,0
Forwarding,POX EEL Fixed,Star2,200,3,3,True,True,40,8,48,62,6,68,15,252,267,0,14,0,0,14,0,6,0
Forwarding,POX EEL Fixed,Star2,200,4,4,False,True,40,8,48,57,2,59,15,238,253,5,15,0,5,10,0,6,0
Forwarding,POX EEL Fixed,Star2,200,4,4,True,True,40,8,48,59,6,65,18,252,270,0,17,0,0,17,0,6,0
Forwarding,POX EEL Fixed,Star2,200,5,5,False,True,40,8,48,55,2,57,17,238,255,6,17,0,6,11,0,6,0
Forwarding,POX EEL Fixed,Star2,200,5,5,True,True,40,8,48,57,6,63,20,252,272,0,19,0,0,19,0,6,0
Forwarding,POX EEL Fixed,Star2,200,6,6,False,True,40,8,48,47,2,49,25,238,263,7,25,0,7,18,0,6,0
Forwarding,POX EEL Fixed,Star2,200,6,6,True,True,40,8,48,49,6,55,28,252,280,0,27,0,0,27,0,6,0
Forwarding,POX EEL Fixed,Star2,200,7,7,False,True,40,8,48,41,2,43,31,238,269,10,31,0,10,21,0,6,0
Forwarding,POX EEL Fixed,Star2,200,7,7,True,True,40,8,48,43,6,49,34,252,286,0,33,0,0,33,0,6,0
Forwarding,POX EEL Fixed,Star2,200,8,8,False,True,40,8,48,40,2,42,32,238,270,10,32,0,10,22,0,6,0
Forwarding,POX EEL Fixed,Star2,200,8,8,True,True,40,8,48,42,6,48,35,252,287,0,34,0,0,34,0,6,0
Forwarding,POX EEL Fixed,Star2,200,9,9,False,True,40,8,48,38,2,40,34,238,272,11,34,0,11,23,0,6,0
Forwarding,POX EEL Fixed,Star2,200,9,9,True,True,40,8,48,40,6,46,37,252,289,0,36,0,0,36,0,6,0
Forwarding,POX EEL Fixed,Star2,200,10,10,False,True,40,8,48,38,2,40,34,238,272,11,34,0,11,23,0,6,0
Forwarding,POX EEL Fixed,Star2,200,10,10,True,True,40,8,48,40,6,46,37,252,289,0,36,0,0,36,0,6,0
Forwarding,POX EEL Fixed,Star2,200,inf,inf,False,True,40,8,48,0,0,0,74,238,312,40,36,0,29,7,0,6,1
Forwarding,POX EEL Fixed,Star2,200,inf,inf,True,True,40,8,48,0,0,0,83,252,335,0,37,0,0,37,0,6,3
Forwarding,POX Angler,BinTree1,200,0,0,False,True,1193,55,1248,7491,160,7651,0,14798,14798,0,0,0,0,0,0,62,0
Forwarding,POX Angler,BinTree1,200,0,0,True,True,1193,55,1248,7509,200,7709,0,14810,14810,0,0,0,0,0,0,62,0
Forwarding,POX Angler,BinTree1,200,1,1,False,True,1193,55,1248,7297,120,7417,234,14798,15032,0,59,28,0,31,23,62,27
Forwarding,POX Angler,BinTree1,200,1,1,True,True,1193,55,1248,7315,157,7472,237,14810,15047,0,59,28,0,31,23,62,27
Forwarding,POX Angler,BinTree1,200,2,2,False,True,1193,55,1248,7089,75,7164,487,14798,15285,7,81,46,0,35,31,62,58
Forwarding,POX Angler,BinTree1,200,2,2,True,True,1193,55,1248,7107,112,7219,490,14810,15300,7,81,46,0,35,31,62,58
Forwarding,POX Angler,BinTree1,200,3,3,False,True,1193,55,1248,6876,48,6924,727,14798,15525,16,98,55,0,43,45,62,68
Forwarding,POX Angler,BinTree1,200,3,3,True,True,1193,55,1248,6887,77,6964,745,14810,15555,16,98,55,0,43,45,62,76
Forwarding,POX Angler,BinTree1,200,4,4,False,True,1193,55,1248,6621,22,6643,1008,14798,15806,38,117,67,6,44,48,62,77
Forwarding,POX Angler,BinTree1,200,4,4,True,True,1193,55,1248,6629,45,6674,1035,14810,15845,25,117,67,1,49,48,62,89
Forwarding,POX Angler,BinTree1,200,5,5,False,True,1193,55,1248,6383,18,6401,1250,14798,16048,74,132,74,9,49,50,62,78
Forwarding,POX Angler,BinTree1,200,5,5,True,True,1193,55,1248,6389,30,6419,1290,14810,16100,32,132,74,0,58,49,62,95
Forwarding,POX Angler,BinTree1,200,6,6,False,True,1193,55,1248,6137,9,6146,1505,14798,16303,118,147,89,12,46,60,62,81
Forwarding,POX Angler,BinTree1,200,6,6,True,True,1193,55,1248,6140,15,6155,1554,14810,16364,33,147,89,0,58,57,62,99
Forwarding,POX Angler,BinTree1,200,7,7,False,True,1193,55,1248,5873,0,5873,1778,14798,16576,158,172,107,16,49,59,62,84
Forwarding,POX Angler,BinTree1,200,7,7,True,True,1193,55,1248,5875,6,5881,1828,14810,16638,36,172,107,0,65,56,62,102
Forwarding,POX Angler,BinTree1,200,8,8,False,True,1193,55,1248,5614,0,5614,2037,14798,16835,196,190,121,26,43,73,62,84
Forwarding,POX Angler,BinTree1,200,8,8,True,True,1193,55,1248,5616,3,5619,2090,14810,16900,40,190,121,0,69,70,62,103
Forwarding,POX Angler,BinTree1,200,9,9,False,True,1193,55,1248,5335,0,5335,2316,14798,17114,240,209,132,31,46,70,62,84
Forwarding,POX Angler,BinTree1,200,9,9,True,True,1193,55,1248,5336,0,5336,2373,14810,17183,46,209,132,0,77,67,62,104
Forwarding,POX Angler,BinTree1,200,10,10,False,True,1193,55,1248,5053,0,5053,2598,14798,17396,282,223,142,34,47,73,62,84
Forwarding,POX Angler,BinTree1,200,10,10,True,True,1193,55,1248,5053,0,5053,2656,14810,17466,55,223,142,0,81,68,62,104
Forwarding,POX Angler,BinTree1,200,inf,inf,False,True,1193,55,1248,0,0,0,7651,14798,22449,1279,515,341,153,21,29,62,84
Forwarding,POX Angler,BinTree1,200,inf,inf,True,True,1193,55,1248,0,0,0,7709,14810,22519,135,515,341,0,174,24,62,104
Forwarding,POX Angler,Mesh2,200,0,0,False,True,68,16,84,314,20,334,0,236,236,0,0,0,0,0,0,22,0
Forwarding,POX Angler,Mesh2,200,0,0,True,True,68,16,84,319,30,349,0,240,240,0,0,0,0,0,0,22,0
Forwarding,POX Angler,Mesh2,200,1,1,False,True,68,16,84,299,19,318,16,236,252,0,7,6,0,1,5,22,1
Forwarding,POX Angler,Mesh2,200,1,1,True,True,68,16,84,304,27,331,18,240,258,0,7,6,0,1,5,22,1
Forwarding,POX Angler,Mesh2,200,2,2,False,True,68,16,84,277,8,285,49,236,285,0,12,12,0,0,10,22,8
Forwarding,POX Angler,Mesh2,200,2,2,True,True,68,16,84,282,16,298,51,240,291,0,12,12,0,0,10,22,8
Forwarding,POX Angler,Mesh2,200,3,3,False,True,68,16,84,248,8,256,78,236,314,5,14,14,0,0,14,22,8
Forwarding,POX Angler,Mesh2,200,3,3,True,True,68,16,84,249,15,264,85,240,325,5,14,14,0,0,14,22,9
Forwarding,POX Angler,Mesh2,200,4,4,False,True,68,16,84,235,0,235,99,236,335,8,14,14,0,0,12,22,12
Forwarding,POX Angler,Mesh2,200,4,4,True,True,68,16,84,236,6,242,107,240,347,8,14,14,0,0,12,22,14
Forwarding,POX Angler,Mesh2,200,5,5,False,True,68,16,84,220,0,220,114,236,350,11,16,16,0,0,13,22,12
Forwarding,POX Angler,Mesh2,200,5,5,True,True,68,16,84,221,6,227,122,240,362,9,16,16,0,0,13,22,14
Forwarding,POX Angler,Mesh2,200,6,6,False,True,68,16,84,198,0,198,136,236,372,17,19,19,0,0,15,22,12
Forwarding,POX Angler,Mesh2,200,6,6,True,True,68,16,84,198,0,198,151,240,391,10,19,19,0,0,15,22,17
Forwarding,POX Angler,Mesh2,200,7,7,False,True,68,16,84,177,0,177,157,236,393,25,21,21,0,0,17,22,12
Forwarding,POX Angler,Mesh2,200,7,7,True,True,68,16,84,177,0,177,172,240,412,12,21,21,0,0,17,22,17
Forwarding,POX Angler,Mesh2,200,8,8,False,True,68,16,84,170,0,170,164,236,400,26,21,21,0,0,16,22,12
Forwarding,POX Angler,Mesh2,200,8,8,True,True,68,16,84,170,0,170,179,240,419,13,21,21,0,0,16,22,17
Forwarding,POX Angler,Mesh2,200,9,9,False,True,68,16,84,150,0,150,184,236,420,32,24,23,0,1,16,22,12
Forwarding,POX Angler,Mesh2,200,9,9,True,True,68,16,84,150,0,150,199,240,439,15,24,23,0,1,16,22,17
Forwarding,POX Angler,Mesh2,200,10,10,False,True,68,16,84,129,0,129,205,236,441,38,26,26,0,0,16,22,12
Forwarding,POX Angler,Mesh2,200,10,10,True,True,68,16,84,129,0,129,220,240,460,17,26,26,0,0,16,22,17
Forwarding,POX Angler,Mesh2,200,inf,inf,False,True,68,16,84,0,0,0,334,236,570,87,34,34,0,0,10,22,12
Forwarding,POX Angler,Mesh2,200,inf,inf,True,True,68,16,84,0,0,0,349,240,589,30,34,34,0,0,10,22,17
Forwarding,POX Angler,Star2,200,0,0,False,True,236,6,242,702,0,702,0,712,712,0,0,0,0,0,0,6,0
Forwarding,POX Angler,Star2,200,0,0,True,True,236,6,242,706,5,711,0,712,712,0,0,0,0,0,0,6,0
Forwarding,POX Angler,Star2,200,1,1,False,True,236,6,242,675,0,675,27,712,739,0,15,0,0,15,0,6,0
Forwarding,POX Angler,Star2,200,1,1,True,True,236,6,242,679,4,683,28,712,740,0,15,0,0,15,0,6,0
Forwarding,POX Angler,Star2,200,2,2,False,True,236,6,242,649,0,649,53,712,765,0,28,0,0,28,0,6,0
Forwarding,POX Angler,Star2,200,2,2,True,True,236,6,242,653,4,657,54,712,766,0,28,0,0,28,0,6,0
Forwarding,POX Angler,Star2,200,3,3,False,True,236,6,242,616,0,616,86,712,798,3,43,0,3,40,0,6,0
Forwarding,POX Angler,Star2,200,3,3,True,True,236,6,242,616,0,616,95,712,807,0,43,0,0,43,0,6,4
Forwarding,POX Angler,Star2,200,4,4,False,True,236,6,242,588,0,588,114,712,826,13,51,0,13,38,0,6,0
Forwarding,POX Angler,Star2,200,4,4,True,True,236,6,242,588,0,588,123,712,835,0,51,0,0,51,0,6,4
Forwarding,POX Angler,Star2,200,5,5,False,True,236,6,242,550,0,550,152,712,864,26,63,0,26,37,0,6,0
Forwarding,POX Angler,Star2,200,5,5,True,True,236,6,242,550,0,550,161,712,873,0,63,0,0,63,0,6,4
Forwarding,POX Angler,Star2,200,6,6,False,True,236,6,242,512,0,512,190,712,902,39,77,0,39,38,0,6,0
Forwarding,POX Angler,Star2,200,6,6,True,True,236,6,242,512,0,512,199,712,911,0,77,0,0,77,0,6,4
Forwarding,POX Angler,Star2,200,7,7,False,True,236,6,242,481,0,481,221,712,933,48,88,0,48,40,0,6,0
Forwarding,POX Angler,Star2,200,7,7,True,True,236,6,242,481,0,481,230,712,942,0,88,0,0,88,0,6,4
Forwarding,POX Angler,Star2,200,8,8,False,True,236,6,242,448,0,448,254,712,966,63,96,0,63,33,0,6,0
Forwarding,POX Angler,Star2,200,8,8,True,True,236,6,242,448,0,448,263,712,975,0,96,0,0,96,0,6,4
Forwarding,POX Angler,Star2,200,9,9,False,True,236,6,242,417,0,417,285,712,997,75,106,0,75,31,0,6,0
Forwarding,POX Angler,Star2,200,9,9,True,True,236,6,242,417,0,417,294,712,1006,0,106,0,0,106,0,6,4
Forwarding,POX Angler,Star2,200,10,10,False,True,236,6,242,388,0,388,314,712,1026,84,116,0,84,32,0,6,0
Forwarding,POX Angler,Star2,200,10,10,True,True,236,6,242,388,0,388,323,712,1035,0,116,0,0,116,0,6,4
Forwarding,POX Angler,Star2,200,inf,inf,False,True,236,6,242,0,0,0,702,712,1414,228,236,0,228,8,0,6,0
Forwarding,POX Angler,Star2,200,inf,inf,True,True,236,6,242,0,0,0,711,712,1423,0,236,0,0,236,0,6,4
Forwarding,POX Angler,Star4,200,0,0,False,True,518,21,539,1301,0,1301,0,9709,9709,0,0,0,0,0,0,23,0
Forwarding,POX Angler,Star4,200,0,0,True,True,518,21,539,1317,20,1337,0,9709,9709,0,0,0,0,0,0,23,0
Forwarding,POX Angler,Star4,200,1,1,False,True,518,21,539,1253,0,1253,48,9709,9757,1,35,0,1,34,0,23,0
Forwarding,POX Angler,Star4,200,1,1,True,True,518,21,539,1269,19,1288,49,9709,9758,1,35,0,1,34,0,23,0
Forwarding,POX Angler,Star4,200,2,2,False,True,518,21,539,1224,0,1224,77,9709,9786,4,53,0,4,49,0,23,0
Forwarding,POX Angler,Star4,200,2,2,True,True,518,21,539,1240,19,1259,78,9709,9787,4,53,0,4,49,0,23,0
Forwarding,POX Angler,Star4,200,3,3,False,True,518,21,539,1184,0,1184,117,9709,9826,6,76,0,6,70,0,23,0
Forwarding,POX Angler,Star4,200,3,3,True,True,518,21,539,1190,6,1196,141,9709,9850,6,78,0,6,72,0,23,13
Forwarding,POX Angler,Star4,200,4,4,False,True,518,21,539,1134,0,1134,167,9709,9876,26,100,0,24,76,0,23,0
Forwarding,POX Angler,Star4,200,4,4,True,True,518,21,539,1134,0,1134,203,9709,9912,8,104,0,8,96,0,23,19
Forwarding,POX Angler,Star4,200,5,5,False,True,518,21,539,1075,0,1075,226,9709,9935,47,124,0,43,81,0,23,0
Forwarding,POX Angler,Star4,200,5,5,True,True,518,21,539,1075,0,1075,262,9709,9971,10,128,0,10,118,0,23,19
Forwarding,POX Angler,Star4,200,6,6,False,True,518,21,539,1014,0,1014,287,9709,9996,73,150,0,66,84,0,23,0
Forwarding,POX Angler,Star4,200,6,6,True,True,518,21,539,1014,0,1014,323,9709,10032,14,154,0,14,140,0,23,19
Forwarding,POX Angler,Star4,200,7,7,False,True,518,21,539,949,0,949,352,9709,10061,99,178,0,91,87,0,23,0
Forwarding,POX Angler,Star4,200,7,7,True,True,518,21,539,949,0,949,388,9709,10097,21,182,0,21,161,0,23,19
Forwarding,POX Angler,Star4,200,8,8,False,True,518,21,539,887,0,887,414,9709,10123,124,198,0,114,84,0,23,0
Forwarding,POX Angler,Star4,200,8,8,True,True,518,21,539,887,0,887,450,9709,10159,24,202,0,24,178,0,23,19
Forwarding,POX Angler,Star4,200,9,9,False,True,518,21,539,828,0,828,473,9709,10182,150,222,0,136,86,0,23,0
Forwarding,POX Angler,Star4,200,9,9,True,True,518,21,539,828,0,828,509,9709,10218,25,226,0,25,201,0,23,19
Forwarding,POX Angler,Star4,200,10,10,False,True,518,21,539,759,0,759,542,9709,10251,184,247,0,163,84,0,23,0
Forwarding,POX Angler,Star4,200,10,10,True,True,518,21,539,759,0,759,578,9709,10287,29,251,0,29,222,0,23,19
Forwarding,POX Angler,Star4,200,inf,inf,False,True,518,21,539,0,0,0,1301,9709,11010,556,514,0,492,22,0,23,0
Forwarding,POX Angler,Star4,200,inf,inf,True,True,518,21,539,0,0,0,1337,9709,11046,64,518,0,64,454,0,23,19
Forwarding,Floodlight,BinTree1,200,0,0,False,True,359,41,400,730,0,730,0,4410,4410,0,0,0,0,0,0,43,0
Forwarding,Floodlight,BinTree1,200,0,0,True,True,359,41,400,746,38,784,0,4410,4410,0,0,0,0,0,0,43,0
Forwarding,Floodlight,BinTree1,200,1,1,False,True,359,41,400,687,0,687,43,4410,4453,0,23,15,0,8,13,43,0
Forwarding,Floodlight,BinTree1,200,1,1,True,True,359,41,400,703,38,741,43,4410,4453,0,23,15,0,8,13,43,0
Forwarding,Floodlight,BinTree1,200,2,2,False,True,359,41,400,665,0,665,65,4410,4475,0,33,19,0,14,16,43,0
Forwarding,Floodlight,BinTree1,200,2,2,True,True,359,41,400,681,38,719,65,4410,4475,0,33,19,0,14,16,43,0
Forwarding,Floodlight,BinTree1,200,3,3,False,True,359,41,400,626,0,626,104,4410,4514,3,48,27,1,20,20,43,0
Forwarding,Floodlight,BinTree1,200,3,3,True,True,359,41,400,639,24,663,121,4410,4531,1,50,27,1,22,20,43,6
Forwarding,Floodlight,BinTree1,200,4,4,False,True,359,41,400,583,0,583,147,4410,4557,21,60,33,6,21,23,43,0
Forwarding,Floodlight,BinTree1,200,4,4,True,True,359,41,400,587,15,602,182,4410,4592,3,62,33,2,27,22,43,11
Forwarding,Floodlight,BinTree1,200,5,5,False,True,359,41,400,559,0,559,171,4410,4581,30,66,37,9,20,24,43,0
Forwarding,Floodlight,BinTree1,200,5,5,True,True,359,41,400,563,12,575,209,4410,4619,4,68,37,2,29,23,43,12
Forwarding,Floodlight,BinTree1,200,6,6,False,True,359,41,400,526,0,526,204,4410,4614,52,73,39,16,18,27,43,0
Forwarding,Floodlight,BinTree1,200,6,6,True,True,359,41,400,529,9,538,246,4410,4656,6,75,39,3,33,25,43,13
Forwarding,Floodlight,BinTree1,200,7,7,False,True,359,41,400,483,0,483,247,4410,4657,75,81,45,19,17,28,43,0
Forwarding,Floodlight,BinTree1,200,7,7,True,True,359,41,400,486,9,495,289,4410,4699,6,83,45,3,35,27,43,13
Forwarding,Floodlight,BinTree1,200,8,8,False,True,359,41,400,441,0,441,289,4410,4699,92,92,54,22,16,31,43,0
Forwarding,Floodlight,BinTree1,200,8,8,True,True,359,41,400,444,9,453,331,4410,4741,10,94,54,4,36,29,43,13
Forwarding,Floodlight,BinTree1,200,9,9,False,True,359,41,400,404,0,404,326,4410,4736,108,102,59,25,18,32,43,0
Forwarding,Floodlight,BinTree1,200,9,9,True,True,359,41,400,407,9,416,368,4410,4778,12,104,59,5,40,30,43,13
Forwarding,Floodlight,BinTree1,200,10,10,False,True,359,41,400,359,0,359,371,4410,4781,134,108,65,25,18,32,43,0
Forwarding,Floodlight,BinTree1,200,10,10,True,True,359,41,400,362,9,371,413,4410,4823,12,110,66,4,40,30,43,13
Forwarding,Floodlight,BinTree1,200,inf,inf,False,True,359,41,400,0,0,0,730,4410,5140,343,151,101,43,7,25,43,0
Forwarding,Floodlight,BinTree1,200,inf,inf,True,True,359,41,400,0,0,0,784,4410,5194,14,152,104,0,48,23,43,18
Forwarding,Floodlight,BinTree2,200,0,0,False,True,1138,807,1945,3549,0,3549,0,180146,180146,0,0,0,0,0,0,358,0
Forwarding,Floodlight,BinTree2,200,0,0,True,True,1138,807,1945,3692,800,4492,0,180146,180146,0,0,0,0,0,0,358,0
Forwarding,Floodlight,BinTree2,200,1,1,False,True,1138,807,1945,3093,0,3093,456,180146,180602,0,190,179,0,11,179,358,0
Forwarding,Floodlight,BinTree2,200,1,1,True,True,1138,807,1945,3236,800,4036,456,180146,180602,0,190,179,0,11,179,358,0
Forwarding,Floodlight,BinTree2,200,2,2,False,True,1138,807,1945,2865,0,2865,684,180146,180830,0,213,196,0,17,196,358,0
Forwarding,Floodlight,BinTree2,200,2,2,True,True,1138,807,1945,3008,800,3808,684,180146,180830,0,213,196,0,17,196,358,0
Forwarding,Floodlight,BinTree2,200,3,3,False,True,1138,807,1945,2743,0,2743,806,180146,180952,3,233,210,0,23,206,358,0
Forwarding,Floodlight,BinTree2,200,3,3,True,True,1138,807,1945,2882,790,3672,820,180146,180966,0,234,210,0,24,206,358,4
Forwarding,Floodlight,BinTree2,200,4,4,False,True,1138,807,1945,2649,0,2649,900,180146,181046,11,248,227,0,21,221,358,0
Forwarding,Floodlight,BinTree2,200,4,4,True,True,1138,807,1945,2781,768,3549,943,180146,181089,0,250,227,0,23,221,358,12
Forwarding,Floodlight,BinTree2,200,5,5,False,True,1138,807,1945,2581,0,2581,968,180146,181114,34,256,233,5,18,224,358,0
Forwarding,Floodlight,BinTree2,200,5,5,True,True,1138,807,1945,2711,746,3457,1035,180146,181181,4,259,233,3,23,225,358,18
Forwarding,Floodlight,BinTree2,200,6,6,False,True,1138,807,1945,2534,0,2534,1015,180146,181161,55,261,236,6,19,226,358,0
Forwarding,Floodlight,BinTree2,200,6,6,True,True,1138,807,1945,2658,726,3384,1108,180146,181254,15,264,236,4,24,226,358,23
Forwarding,Floodlight,BinTree2,200,7,7,False,True,1138,807,1945,2449,0,2449,1100,180146,181246,96,266,236,9,21,226,358,0
Forwarding,Floodlight,BinTree2,200,7,7,True,True,1138,807,1945,2563,717,3280,1212,180146,181358,30,269,236,5,28,225,358,25
Forwarding,Floodlight,BinTree2,200,8,8,False,True,1138,807,1945,2401,0,2401,1148,180146,181294,118,266,237,9,20,227,358,0
Forwarding,Floodlight,BinTree2,200,8,8,True,True,1138,807,1945,2510,696,3206,1286,180146,181432,39,269,237,5,27,227,358,30
Forwarding,Floodlight,BinTree2,200,9,9,False,True,1138,807,1945,2329,0,2329,1220,180146,181366,145,269,239,9,21,229,358,0
Forwarding,Floodlight,BinTree2,200,9,9,True,True,1138,807,1945,2431,679,3110,1382,180146,181528,57,272,239,5,28,229,358,33
Forwarding,Floodlight,BinTree2,200,10,10,False,True,1138,807,1945,2243,0,2243,1306,180146,181452,176,272,239,9,24,228,358,0
Forwarding,Floodlight,BinTree2,200,10,10,True,True,1138,807,1945,2333,668,3001,1491,180146,181637,64,274,239,5,30,228,358,36
Forwarding,Floodlight,BinTree2,200,inf,inf,False,True,1138,807,1945,0,0,0,3549,180146,183695,939,296,242,18,36,231,358,0
Forwarding,Floodlight,BinTree2,200,inf,inf,True,True,1138,807,1945,0,0,0,4492,180146,184638,75,300,244,0,56,226,358,208
Forwarding,Floodlight,Mesh2,200,0,0,False,True,152,6,158,299,0,299,0,152,152,0,0,0,0,0,0,13,0
Forwarding,Floodlight,Mesh2,200,0,0,True,True,152,6,158,302,4,306,0,152,152,0,0,0,0,0,0,13,0
Forwarding,Floodlight,Mesh2,200,1,1,False,True,152,6,158,293,0,293,6,152,158,0,4,4,0,0,4,13,0
Forwarding,Floodlight,Mesh2,200,1,1,True,True,152,6,158,296,4,300,6,152,158,0,4,4,0,0,4,13,0
Forwarding,Floodlight,Mesh2,200,2,2,False,True,152,6,158,287,0,287,12,152,164,0,6,6,0,0,5,13,0
Forwarding,Floodlight,Mesh2,200,2,2,True,True,152,6,158,290,4,294,12,152,164,0,6,6,0,0,5,13,0
Forwarding,Floodlight,Mesh2,200,3,3,False,True,152,6,158,275,0,275,24,152,176,1,11,11,0,0,5,13,0
Forwarding,Floodlight,Mesh2,200,3,3,True,True,152,6,158,276,0,276,30,152,182,0,11,11,0,0,5,13,2
Forwarding,Floodlight,Mesh2,200,4,4,False,True,152,6,158,267,0,267,32,152,184,2,15,14,0,1,6,13,0
Forwarding,Floodlight,Mesh2,200,4,4,True,True,152,6,158,267,0,267,39,152,191,0,15,14,0,1,6,13,2
Forwarding,Floodlight,Mesh2,200,5,5,False,True,152,6,158,247,0,247,52,152,204,11,20,20,0,0,7,13,0
Forwarding,Floodlight,Mesh2,200,5,5,True,True,152,6,158,247,0,247,59,152,211,0,20,20,0,0,7,13,2
Forwarding,Floodlight,Mesh2,200,6,6,False,True,152,6,158,240,0,240,59,152,211,18,20,20,0,0,7,13,0
Forwarding,Floodlight,Mesh2,200,6,6,True,True,152,6,158,240,0,240,66,152,218,0,20,20,0,0,6,13,2
Forwarding,Floodlight,Mesh2,200,7,7,False,True,152,6,158,220,0,220,79,152,231,30,25,23,0,2,7,13,0
Forwarding,Floodlight,Mesh2,200,7,7,True,True,152,6,158,220,0,220,86,152,238,0,25,23,0,2,6,13,2
Forwarding,Floodlight,Mesh2,200,8,8,False,True,152,6,158,200,0,200,99,152,251,34,33,31,0,2,7,13,0
Forwarding,Floodlight,Mesh2,200,8,8,True,True,152,6,158,200,0,200,106,152,258,0,33,31,0,2,6,13,2
Forwarding,Floodlight,Mesh2,200,9,9,False,True,152,6,158,186,0,186,113,152,265,37,38,37,0,1,8,13,0
Forwarding,Floodlight,Mesh2,200,9,9,True,True,152,6,158,186,0,186,120,152,272,0,38,37,0,1,7,13,2
Forwarding,Floodlight,Mesh2,200,10,10,False,True,152,6,158,162,0,162,137,152,289,48,44,44,0,0,7,13,0
Forwarding,Floodlight,Mesh2,200,10,10,True,True,152,6,158,162,0,162,144,152,296,0,44,44,0,0,7,13,2
Forwarding,Floodlight,Mesh2,200,inf,inf,False,True,152,6,158,0,0,0,299,152,451,146,76,76,0,0,5,13,0
Forwarding,Floodlight,Mesh2,200,inf,inf,True,True,152,6,158,0,0,0,306,152,458,0,76,76,0,0,4,13,2
Forwarding,Floodlight,Star2,200,0,0,False,True,64,4,68,154,0,154,0,97,97,0,0,0,0,0,0,6,0
Forwarding,Floodlight,Star2,200,0,0,True,True,64,4,68,157,3,160,0,97,97,0,0,0,0,0,0,6,0
Forwarding,Floodlight,Star2,200,1,1,False,True,64,4,68,139,0,139,15,97,112,1,11,0,1,10,0,6,0
Forwarding,Floodlight,Star2,200,1,1,True,True,64,4,68,142,3,145,15,97,112,1,11,0,1,10,0,6,0
Forwarding,Floodlight,Star2,200,2,2,False,True,64,4,68,131,0,131,23,97,120,1,15,0,1,14,0,6,0
Forwarding,Floodlight,Star2,200,2,2,True,True,64,4,68,134,3,137,23,97,120,1,15,0,1,14,0,6,0
Forwarding,Floodlight,Star2,200,3,3,False,True,64,4,68,123,0,123,31,97,128,6,16,0,6,10,0,6,0
Forwarding,Floodlight,Star2,200,3,3,True,True,64,4,68,123,0,123,37,97,134,1,17,0,1,16,0,6,3
Forwarding,Floodlight,Star2,200,4,4,False,True,64,4,68,117,0,117,37,97,134,9,18,0,9,9,0,6,0
Forwarding,Floodlight,Star2,200,4,4,True,True,64,4,68,117,0,117,43,97,140,1,19,0,1,18,0,6,3
Forwarding,Floodlight,Star2,200,5,5,False,True,64,4,68,107,0,107,47,97,144,11,23,0,11,12,0,6,0
Forwarding,Floodlight,Star2,200,5,5,True,True,64,4,68,107,0,107,53,97,150,1,24,0,1,23,0,6,3
Forwarding,Floodlight,Star2,200,6,6,False,True,64,4,68,98,0,98,56,97,153,13,29,0,13,16,0,6,0
Forwarding,Floodlight,Star2,200,6,6,True,True,64,4,68,98,0,98,62,97,159,1,30,0,1,29,0,6,3
Forwarding,Floodlight,Star2,200,7,7,False,True,64,4,68,90,0,90,64,97,161,17,31,0,17,14,0,6,0
Forwarding,Floodlight,Star2,200,7,7,True,True,64,4,68,90,0,90,70,97,167,1,32,0,1,31,0,6,3
Forwarding,Floodlight,Star2,200,8,8,False,True,64,4,68,83,0,83,71,97,168,22,32,0,22,10,0,6,0
Forwarding,Floodlight,Star2,200,8,8,True,True,64,4,68,83,0,83,77,97,174,1,33,0,1,32,0,6,3
Forwarding,Floodlight,Star2,200,9,9,False,True,64,4,68,75,0,75,79,97,176,27,34,0,27,7,0,6,0
Forwarding,Floodlight,Star2,200,9,9,True,True,64,4,68,75,0,75,85,97,182,1,35,0,1,34,0,6,3
Forwarding,Floodlight,Star2,200,10,10,False,True,64,4,68,67,0,67,87,97,184,28,39,0,28,11,0,6,0
Forwarding,Floodlight,Star2,200,10,10,True,True,64,4,68,67,0,67,93,97,190,1,40,0,1,39,0,6,3
Forwarding,Floodlight,Star2,200,inf,inf,False,True,64,4,68,0,0,0,154,97,251,59,63,0,59,4,0,6,0
Forwarding,Floodlight,Star2,200,inf,inf,True,True,64,4,68,0,0,0,160,97,257,1,64,0,1,63,0,6,3
Forwarding,Floodlight,Star4,200,0,0,False,True,147,18,165,288,0,288,0,2457,2457,0,0,0,0,0,0,22,0
Forwarding,Floodlight,Star4,200,0,0,True,True,147,18,165,299,17,316,0,2457,2457,0,0,0,0,0,0,22,0
Forwarding,Floodlight,Star4,200,1,1,False,True,147,18,165,272,0,272,16,2457,2473,0,16,0,0,16,0,22,0
Forwarding,Floodlight,Star4,200,1,1,True,True,147,18,165,283,17,300,16,2457,2473,0,16,0,0,16,0,22,0
Forwarding,Floodlight,Star4,200,2,2,False,True,147,18,165,255,0,255,33,2457,2490,1,31,0,1,30,0,22,0
Forwarding,Floodlight,Star4,200,2,2,True,True,147,18,165,266,16,282,34,2457,2491,0,31,0,0,31,0,22,1
Forwarding,Floodlight,Star4,200,3,3,False,True,147,18,165,243,0,243,45,2457,2502,5,39,0,5,34,0,22,0
Forwarding,Floodlight,Star4,200,3,3,True,True,147,18,165,248,9,257,59,2457,2516,0,44,0,0,44,0,22,8
Forwarding,Floodlight,Star4,200,4,4,False,True,147,18,165,226,0,226,62,2457,2519,15,45,0,15,30,0,22,0
Forwarding,Floodlight,Star4,200,4,4,True,True,147,18,165,231,8,239,77,2457,2534,0,50,0,0,50,0,22,9
Forwarding,Floodlight,Star4,200,5,5,False,True,147,18,165,218,0,218,70,2457,2527,16,51,0,16,35,0,22,0
Forwarding,Floodlight,Star4,200,5,5,True,True,147,18,165,222,6,228,88,2457,2545,0,57,0,0,57,0,22,11
Forwarding,Floodlight,Star4,200,6,6,False,True,147,18,165,200,0,200,88,2457,2545,24,60,0,24,36,0,22,0
Forwarding,Floodlight,Star4,200,6,6,True,True,147,18,165,204,6,210,106,2457,2563,0,66,0,0,66,0,22,11
Forwarding,Floodlight,Star4,200,7,7,False,True,147,18,165,188,0,188,100,2457,2557,28,66,0,28,38,0,22,0
Forwarding,Floodlight,Star4,200,7,7,True,True,147,18,165,191,5,196,120,2457,2577,0,71,0,0,71,0,22,12
Forwarding,Floodlight,Star4,200,8,8,False,True,147,18,165,175,0,175,113,2457,2570,32,74,0,32,42,0,22,0
Forwarding,Floodlight,Star4,200,8,8,True,True,147,18,165,178,5,183,133,2457,2590,0,79,0,0,79,0,22,12
Forwarding,Floodlight,Star4,200,9,9,False,True,147,18,165,162,0,162,126,2457,2583,36,82,0,36,46,0,22,0
Forwarding,Floodlight,Star4,200,9,9,True,True,147,18,165,165,4,169,147,2457,2604,0,87,0,0,87,0,22,13
Forwarding,Floodlight,Star4,200,10,10,False,True,147,18,165,147,0,147,141,2457,2598,45,88,0,45,43,0,22,0
Forwarding,Floodlight,Star4,200,10,10,True,True,147,18,165,149,3,152,164,2457,2621,0,94,0,0,94,0,22,14
Forwarding,Floodlight,Star4,200,inf,inf,False,True,147,18,165,0,0,0,288,2457,2745,126,142,0,126,16,0,22,0
Forwarding,Floodlight,Star4,200,inf,inf,True,True,147,18,165,0,0,0,316,2457,2773,0,147,0,0,147,0,22,17
Forwarding-StarTopology8,Floodlight,UNKOWN,200,0,0,False,True,274,138,412,544,0,544,0,46294,46294,0,0,0,0,0,0,144,0
Forwarding-StarTopology8,Floodlight,UNKOWN,200,0,0,True,True,274,138,412,618,137,755,0,46294,46294,0,0,0,0,0,0,144,0
Forwarding-StarTopology8,Floodlight,UNKOWN,200,1,1,False,True,274,138,412,521,0,521,23,46294,46317,0,23,0,0,23,0,144,0
Forwarding-StarTopology8,Floodlight,UNKOWN,200,1,1,True,True,274,138,412,595,137,732,23,46294,46317,0,23,0,0,23,0,144,0
Forwarding-StarTopology8,Floodlight,UNKOWN,200,2,2,False,True,274,138,412,497,0,497,47,46294,46341,0,47,0,0,47,0,144,0
Forwarding-StarTopology8,Floodlight,UNKOWN,200,2,2,True,True,274,138,412,571,136,707,48,46294,46342,0,47,0,0,47,0,144,1
Forwarding-StarTopology8,Floodlight,UNKOWN,200,3,3,False,True,274,138,412,476,0,476,68,46294,46362,0,68,0,0,68,0,144,0
Forwarding-StarTopology8,Floodlight,UNKOWN,200,3,3,True,True,274,138,412,534,127,661,94,46294,46388,0,83,0,0,83,0,144,10
Forwarding-StarTopology8,Floodlight,UNKOWN,200,4,4,False,True,274,138,412,449,0,449,95,46294,46389,3,93,0,3,90,0,144,0
Forwarding-StarTopology8,Floodlight,UNKOWN,200,4,4,True,True,274,138,412,506,116,622,133,46294,46427,0,109,0,0,109,0,144,21
Forwarding-StarTopology8,Floodlight,UNKOWN,200,5,5,False,True,274,138,412,429,0,429,115,46294,46409,7,110,0,7,103,0,144,0
Forwarding-StarTopology8,Floodlight,UNKOWN,200,5,5,True,True,274,138,412,482,109,591,164,46294,46458,0,130,0,0,130,0,144,28
Forwarding-StarTopology8,Floodlight,UNKOWN,200,6,6,False,True,274,138,412,408,0,408,136,46294,46430,18,121,0,18,103,0,144,0
Forwarding-StarTopology8,Floodlight,UNKOWN,200,6,6,True,True,274,138,412,458,103,561,194,46294,46488,3,143,0,3,140,0,144,34
Forwarding-StarTopology8,Floodlight,UNKOWN,200,7,7,False,True,274,138,412,388,0,388,156,46294,46450,31,131,0,31,100,0,144,0
Forwarding-StarTopology8,Floodlight,UNKOWN,200,7,7,True,True,274,138,412,437,101,538,217,46294,46511,7,152,0,7,145,0,144,36
Forwarding-StarTopology8,Floodlight,UNKOWN,200,8,8,False,True,274,138,412,357,0,357,187,46294,46481,40,148,0,40,108,0,144,0
Forwarding-StarTopology8,Floodlight,UNKOWN,200,8,8,True,True,274,138,412,406,100,506,249,46294,46543,7,166,0,7,159,0,144,37
Forwarding-StarTopology8,Floodlight,UNKOWN,200,9,9,False,True,274,138,412,330,0,330,214,46294,46508,45,166,0,44,122,0,144,0
Forwarding-StarTopology8,Floodlight,UNKOWN,200,9,9,True,True,274,138,412,377,94,471,284,46294,46578,7,184,0,7,177,0,144,43
Forwarding-StarTopology8,Floodlight,UNKOWN,200,10,10,False,True,274,138,412,301,0,301,243,46294,46537,47,182,0,44,138,0,144,0
Forwarding-StarTopology8,Floodlight,UNKOWN,200,10,10,True,True,274,138,412,345,88,433,322,46294,46616,7,199,0,7,192,0,144,49
Forwarding-StarTopology8,Floodlight,UNKOWN,200,inf,inf,False,True,274,138,412,0,0,0,544,46294,46838,146,250,0,142,108,0,144,0
Forwarding-StarTopology8,Floodlight,UNKOWN,200,inf,inf,True,True,274,138,412,0,0,0,755,46294,47049,8,274,0,8,266,0,144,137
Forwarding,ONOS,BinTree1,200,0,0,False,True,334,138,472,786,0,786,0,16098,16098,0,0,0,0,0,0,103,0
Forwarding,ONOS,BinTree1,200,0,0,True,True,334,138,472,805,0,805,0,17741,17741,0,0,0,0,0,0,103,0
Forwarding,ONOS,BinTree1,200,1,1,False,True,334,138,472,748,0,748,38,16098,16136,2,24,13,0,11,12,103,0
Forwarding,ONOS,BinTree1,200,1,1,True,True,334,138,472,767,0,767,38,17741,17779,4,21,9,2,10,9,103,0
Forwarding,ONOS,BinTree1,200,2,2,False,True,334,138,472,686,0,686,100,16098,16198,5,48,29,0,19,22,103,0
Forwarding,ONOS,BinTree1,200,2,2,True,True,334,138,472,702,0,702,103,17741,17844,9,49,25,2,22,19,103,0
Forwarding,ONOS,BinTree1,200,3,3,False,True,334,138,472,641,0,641,145,16098,16243,5,61,41,0,20,26,103,0
Forwarding,ONOS,BinTree1,200,3,3,True,True,334,138,472,657,0,657,148,17741,17889,12,63,36,3,24,22,103,0
Forwarding,ONOS,BinTree1,200,4,4,False,True,334,138,472,607,0,607,179,16098,16277,7,76,46,2,28,27,103,0
Forwarding,ONOS,BinTree1,200,4,4,True,True,334,138,472,623,0,623,182,17741,17923,14,78,41,5,32,23,103,0
Forwarding,ONOS,BinTree1,200,5,5,False,True,334,138,472,553,0,553,233,16098,16331,15,94,59,2,33,32,103,0
Forwarding,ONOS,BinTree1,200,5,5,True,True,334,138,472,569,0,569,236,17741,17977,26,96,52,7,37,27,103,0
Forwarding,ONOS,BinTree1,200,6,6,False,True,334,138,472,506,0,506,280,16098,16378,16,116,74,2,40,36,103,0
Forwarding,ONOS,BinTree1,200,6,6,True,True,334,138,472,522,0,522,283,17741,18024,35,118,64,10,44,30,103,0
Forwarding,ONOS,BinTree1,200,7,7,False,True,334,138,472,465,0,465,321,16098,16419,22,130,80,2,48,33,103,0
Forwarding,ONOS,BinTree1,200,7,7,True,True,334,138,472,480,0,480,325,17741,18066,42,132,68,12,52,26,103,0
Forwarding,ONOS,BinTree1,200,8,8,False,True,334,138,472,431,0,431,355,16098,16453,28,142,89,2,51,38,103,0
Forwarding,ONOS,BinTree1,200,8,8,True,True,334,138,472,446,0,446,359,17741,18100,44,144,79,10,55,33,103,0
Forwarding,ONOS,BinTree1,200,9,9,False,True,334,138,472,399,0,399,387,16098,16485,38,149,92,6,51,35,103,0
Forwarding,ONOS,BinTree1,200,9,9,True,True,334,138,472,411,0,411,394,17741,18135,46,151,82,10,59,30,103,0
Forwarding,ONOS,BinTree1,200,10,10,False,True,334,138,472,372,0,372,414,16098,16512,54,149,93,6,50,42,103,0
Forwarding,ONOS,BinTree1,200,10,10,True,True,334,138,472,380,0,380,425,17741,18166,47,151,83,10,58,37,103,0
Forwarding,ONOS,BinTree1,200,inf,inf,False,True,334,138,472,0,0,0,786,16098,16884,290,149,93,29,27,30,103,0
Forwarding,ONOS,BinTree1,200,inf,inf,True,True,334,138,472,0,0,0,805,17741,18546,47,151,83,10,58,25,103,0
Forwarding,ONOS,Mesh2,200,0,0,False,True,149,44,193,220,0,220,0,3328,3328,0,0,0,0,0,0,37,0
Forwarding,ONOS,Mesh2,200,0,0,True,True,149,44,193,226,0,226,0,3508,3508,0,0,0,0,0,0,37,0
Forwarding,ONOS,Mesh2,200,1,1,False,True,149,44,193,205,0,205,15,3328,3343,0,9,6,0,3,4,37,0
Forwarding,ONOS,Mesh2,200,1,1,True,True,149,44,193,211,0,211,15,3508,3523,4,9,3,3,3,3,37,0
Forwarding,ONOS,Mesh2,200,2,2,False,True,149,44,193,186,0,186,34,3328,3362,1,19,14,1,4,5,37,0
Forwarding,ONOS,Mesh2,200,2,2,True,True,149,44,193,192,0,192,34,3508,3542,10,19,9,6,4,4,37,0
Forwarding,ONOS,Mesh2,200,3,3,False,True,149,44,193,168,0,168,52,3328,3380,1,27,22,1,4,5,37,0
Forwarding,ONOS,Mesh2,200,3,3,True,True,149,44,193,174,0,174,52,3508,3560,14,27,14,9,4,4,37,0
Forwarding,ONOS,Mesh2,200,4,4,False,True,149,44,193,133,0,133,87,3328,3415,1,45,39,1,5,5,37,0
Forwarding,ONOS,Mesh2,200,4,4,True,True,149,44,193,139,0,139,87,3508,3595,22,45,27,14,4,4,37,0
Forwarding,ONOS,Mesh2,200,5,5,False,True,149,44,193,114,0,114,106,3328,3434,1,54,49,1,4,5,37,0
Forwarding,ONOS,Mesh2,200,5,5,True,True,149,44,193,120,0,120,106,3508,3614,24,54,35,15,4,4,37,0
Forwarding,ONOS,Mesh2,200,6,6,False,True,149,44,193,100,0,100,120,3328,3448,1,60,57,1,2,5,37,0
Forwarding,ONOS,Mesh2,200,6,6,True,True,149,44,193,106,0,106,120,3508,3628,26,60,41,17,2,4,37,0
Forwarding,ONOS,Mesh2,200,7,7,False,True,149,44,193,93,0,93,127,3328,3455,1,64,60,1,3,5,37,0
Forwarding,ONOS,Mesh2,200,7,7,True,True,149,44,193,99,0,99,127,3508,3635,27,64,43,18,3,4,37,0
Forwarding,ONOS,Mesh2,200,8,8,False,True,149,44,193,73,0,73,147,3328,3475,1,74,70,1,3,5,37,0
Forwarding,ONOS,Mesh2,200,8,8,True,True,149,44,193,79,0,79,147,3508,3655,31,74,50,21,3,4,37,0
Forwarding,ONOS,Mesh2,200,9,9,False,True,149,44,193,66,0,66,154,3328,3482,3,76,73,1,2,6,37,0
Forwarding,ONOS,Mesh2,200,9,9,True,True,149,44,193,70,0,70,156,3508,3664,31,76,53,21,2,5,37,0
Forwarding,ONOS,Mesh2,200,10,10,False,True,149,44,193,64,0,64,156,3328,3484,5,76,73,1,2,7,37,0
Forwarding,ONOS,Mesh2,200,10,10,True,True,149,44,193,67,0,67,159,3508,3667,31,76,53,21,2,6,37,0
Forwarding,ONOS,Mesh2,200,inf,inf,False,True,149,44,193,0,0,0,220,3328,3548,67,76,73,3,0,5,37,0
Forwarding,ONOS,Mesh2,200,inf,inf,True,True,149,44,193,0,0,0,226,3508,3734,31,76,53,21,2,4,37,0
Forwarding,ONOS,Star2,200,0,0,False,True,71,18,89,173,0,173,0,1163,1163,0,0,0,0,0,0,5,0
Forwarding,ONOS,Star2,200,0,0,True,True,71,18,89,179,0,179,0,1214,1214,0,0,0,0,0,0,5,0
Forwarding,ONOS,Star2,200,1,1,False,True,71,18,89,151,0,151,22,1163,1185,16,13,0,12,1,0,5,0
Forwarding,ONOS,Star2,200,1,1,True,True,71,18,89,155,0,155,24,1214,1238,14,13,0,10,3,0,5,0
Forwarding,ONOS,Star2,200,2,2,False,True,71,18,89,127,0,127,46,1163,1209,32,27,0,22,5,0,5,0
Forwarding,ONOS,Star2,200,2,2,True,True,71,18,89,131,0,131,48,1214,1262,30,27,0,20,7,0,5,0
Forwarding,ONOS,Star2,200,3,3,False,True,71,18,89,108,0,108,65,1163,1228,38,42,0,26,16,0,5,0
Forwarding,ONOS,Star2,200,3,3,True,True,71,18,89,110,0,110,69,1214,1283,41,42,0,26,16,0,5,0
Forwarding,ONOS,Star2,200,4,4,False,True,71,18,89,89,0,89,84,1163,1247,46,53,0,31,22,0,5,0
Forwarding,ONOS,Star2,200,4,4,True,True,71,18,89,91,0,91,88,1214,1302,49,53,0,31,22,0,5,0
Forwarding,ONOS,Star2,200,5,5,False,True,71,18,89,85,0,85,88,1163,1251,49,55,0,33,22,0,5,0
Forwarding,ONOS,Star2,200,5,5,True,True,71,18,89,87,0,87,92,1214,1306,52,55,0,33,22,0,5,0
Forwarding,ONOS,Star2,200,6,6,False,True,71,18,89,84,0,84,89,1163,1252,50,56,0,34,22,0,5,0
Forwarding,ONOS,Star2,200,6,6,True,True,71,18,89,86,0,86,93,1214,1307,53,56,0,34,22,0,5,0
Forwarding,ONOS,Star2,200,7,7,False,True,71,18,89,78,0,78,95,1163,1258,53,59,0,36,23,0,5,0
Forwarding,ONOS,Star2,200,7,7,True,True,71,18,89,80,0,80,99,1214,1313,56,59,0,36,23,0,5,0
Forwarding,ONOS,Star2,200,8,8,False,True,71,18,89,67,0,67,106,1163,1269,58,66,0,39,27,0,5,0
Forwarding,ONOS,Star2,200,8,8,True,True,71,18,89,67,0,67,112,1214,1326,61,66,0,39,27,0,5,0
Forwarding,ONOS,Star2,200,9,9,False,True,71,18,89,58,0,58,115,1163,1278,63,70,0,42,28,0,5,0
Forwarding,ONOS,Star2,200,9,9,True,True,71,18,89,58,0,58,121,1214,1335,66,70,0,42,28,0,5,0
Forwarding,ONOS,Star2,200,10,10,False,True,71,18,89,36,0,36,137,1163,1300,84,71,0,53,18,0,5,0
Forwarding,ONOS,Star2,200,10,10,True,True,71,18,89,36,0,36,143,1214,1357,87,71,0,53,18,0,5,0
Forwarding,ONOS,Star2,200,inf,inf,False,True,71,18,89,0,0,0,173,1163,1336,120,71,0,70,1,0,5,0
Forwarding,ONOS,Star2,200,inf,inf,True,True,71,18,89,0,0,0,179,1214,1393,123,71,0,70,1,0,5,0
Forwarding Noinst,ONOS,BinTree1,200,0,0,False,True,378,146,524,875,0,875,0,20722,20722,0,0,0,0,0,0,93,0
Forwarding Noinst,ONOS,BinTree1,200,0,0,True,True,378,146,524,876,0,876,0,21133,21133,0,0,0,0,0,0,93,0
Forwarding Noinst,ONOS,BinTree1,200,1,1,False,True,378,146,524,806,0,806,69,20722,20791,0,37,12,0,25,10,93,0
Forwarding Noinst,ONOS,BinTree1,200,1,1,True,True,378,146,524,806,0,806,70,21133,21203,0,37,12,0,25,10,93,0
Forwarding Noinst,ONOS,BinTree1,200,2,2,False,True,378,146,524,715,0,715,160,20722,20882,7,66,30,7,29,19,93,0
Forwarding Noinst,ONOS,BinTree1,200,2,2,True,True,378,146,524,715,0,715,161,21133,21294,0,66,30,0,36,19,93,0
Forwarding Noinst,ONOS,BinTree1,200,3,3,False,True,378,146,524,639,0,639,236,20722,20958,8,90,47,8,35,20,93,0
Forwarding Noinst,ONOS,BinTree1,200,3,3,True,True,378,146,524,639,0,639,237,21133,21370,0,90,47,0,43,20,93,0
Forwarding Noinst,ONOS,BinTree1,200,4,4,False,True,378,146,524,590,0,590,285,20722,21007,12,105,60,8,37,22,93,0
Forwarding Noinst,ONOS,BinTree1,200,4,4,True,True,378,146,524,590,0,590,286,21133,21419,0,105,60,0,45,22,93,0
Forwarding Noinst,ONOS,BinTree1,200,5,5,False,True,378,146,524,553,0,553,322,20722,21044,15,116,70,8,38,23,93,0
Forwarding Noinst,ONOS,BinTree1,200,5,5,True,True,378,146,524,553,0,553,323,21133,21456,0,116,70,0,46,23,93,0
Forwarding Noinst,ONOS,BinTree1,200,6,6,False,True,378,146,524,508,0,508,367,20722,21089,23,128,81,8,39,25,93,0
Forwarding Noinst,ONOS,BinTree1,200,6,6,True,True,378,146,524,508,0,508,368,21133,21501,0,128,81,0,47,25,93,0
Forwarding Noinst,ONOS,BinTree1,200,7,7,False,True,378,146,524,478,0,478,397,20722,21119,24,138,89,8,41,24,93,0
Forwarding Noinst,ONOS,BinTree1,200,7,7,True,True,378,146,524,478,0,478,398,21133,21531,0,138,89,0,49,24,93,0
Forwarding Noinst,ONOS,BinTree1,200,8,8,False,True,378,146,524,449,0,449,426,20722,21148,30,147,97,10,40,26,93,0
Forwarding Noinst,ONOS,BinTree1,200,8,8,True,True,378,146,524,449,0,449,427,21133,21560,0,147,97,0,50,26,93,0
Forwarding Noinst,ONOS,BinTree1,200,9,9,False,True,378,146,524,391,0,391,484,20722,21206,41,156,102,13,41,31,93,0
Forwarding Noinst,ONOS,BinTree1,200,9,9,True,True,378,146,524,391,0,391,485,21133,21618,0,156,102,0,54,31,93,0
Forwarding Noinst,ONOS,BinTree1,200,10,10,False,True,378,146,524,355,0,355,520,20722,21242,49,160,106,15,39,33,93,0
Forwarding Noinst,ONOS,BinTree1,200,10,10,True,True,378,146,524,355,0,355,521,21133,21654,0,160,106,0,54,33,93,0
Forwarding Noinst,ONOS,BinTree1,200,inf,inf,False,True,378,146,524,0,0,0,875,20722,21597,119,161,106,24,31,24,93,0
Forwarding Noinst,ONOS,BinTree1,200,inf,inf,True,True,378,146,524,0,0,0,876,21133,22009,0,161,106,0,55,24,93,0
Forwarding Noinst,ONOS,Mesh2,200,0,0,False,True,159,32,191,232,0,232,0,2474,2474,0,0,0,0,0,0,36,0
Forwarding Noinst,ONOS,Mesh2,200,0,0,True,True,159,32,191,232,0,232,0,2552,2552,0,0,0,0,0,0,36,0
Forwarding Noinst,ONOS,Mesh2,200,1,1,False,True,159,32,191,219,0,219,13,2474,2487,0,7,4,0,3,2,36,0
Forwarding Noinst,ONOS,Mesh2,200,1,1,True,True,159,32,191,219,0,219,13,2552,2565,0,7,4,0,3,2,36,0
Forwarding Noinst,ONOS,Mesh2,200,2,2,False,True,159,32,191,190,0,190,42,2474,2516,0,21,16,0,5,4,36,0
Forwarding Noinst,ONOS,Mesh2,200,2,2,True,True,159,32,191,190,0,190,42,2552,2594,0,21,16,0,5,4,36,0
Forwarding Noinst,ONOS,Mesh2,200,3,3,False,True,159,32,191,168,0,168,64,2474,2538,0,30,27,0,3,4,36,0
Forwarding Noinst,ONOS,Mesh2,200,3,3,True,True,159,32,191,168,0,168,64,2552,2616,0,30,27,0,3,4,36,0
Forwarding Noinst,ONOS,Mesh2,200,4,4,False,True,159,32,191,159,0,159,73,2474,2547,0,34,32,0,2,4,36,0
Forwarding Noinst,ONOS,Mesh2,200,4,4,True,True,159,32,191,159,0,159,73,2552,2625,0,34,32,0,2,4,36,0
Forwarding Noinst,ONOS,Mesh2,200,5,5,False,True,159,32,191,137,0,137,95,2474,2569,0,45,43,0,2,4,36,0
Forwarding Noinst,ONOS,Mesh2,200,5,5,True,True,159,32,191,137,0,137,95,2552,2647,0,45,43,0,2,4,36,0
Forwarding Noinst,ONOS,Mesh2,200,6,6,False,True,159,32,191,119,0,119,113,2474,2587,0,55,51,0,4,4,36,0
Forwarding Noinst,ONOS,Mesh2,200,6,6,True,True,159,32,191,119,0,119,113,2552,2665,0,55,51,0,4,4,36,0
Forwarding Noinst,ONOS,Mesh2,200,7,7,False,True,159,32,191,95,0,95,137,2474,2611,0,66,64,0,2,4,36,0
Forwarding Noinst,ONOS,Mesh2,200,7,7,True,True,159,32,191,95,0,95,137,2552,2689,0,66,64,0,2,4,36,0
Forwarding Noinst,ONOS,Mesh2,200,8,8,False,True,159,32,191,82,0,82,150,2474,2624,0,73,70,0,3,4,36,0
Forwarding Noinst,ONOS,Mesh2,200,8,8,True,True,159,32,191,82,0,82,150,2552,2702,0,73,70,0,3,4,36,0
Forwarding Noinst,ONOS,Mesh2,200,9,9,False,True,159,32,191,72,0,72,160,2474,2634,0,76,74,0,2,4,36,0
Forwarding Noinst,ONOS,Mesh2,200,9,9,True,True,159,32,191,72,0,72,160,2552,2712,0,76,74,0,2,4,36,0
Forwarding Noinst,ONOS,Mesh2,200,10,10,False,True,159,32,191,59,0,59,173,2474,2647,5,80,78,0,2,7,36,0
Forwarding Noinst,ONOS,Mesh2,200,10,10,True,True,159,32,191,59,0,59,173,2552,2725,0,80,78,0,2,7,36,0
Forwarding Noinst,ONOS,Mesh2,200,inf,inf,False,True,159,32,191,0,0,0,232,2474,2706,64,80,78,0,2,4,36,0
Forwarding Noinst,ONOS,Mesh2,200,inf,inf,True,True,159,32,191,0,0,0,232,2552,2784,0,80,78,0,2,4,36,0
Forwarding Noinst,ONOS,Star2,200,0,0,False,True,74,16,90,120,0,120,0,1148,1148,0,0,0,0,0,0,5,0
Forwarding Noinst,ONOS,Star2,200,0,0,True,True,74,16,90,120,0,120,0,1184,1184,0,0,0,0,0,0,5,0
Forwarding Noinst,ONOS,Star2,200,1,1,False,True,74,16,90,110,0,110,10,1148,1158,0,10,0,0,10,0,5,0
Forwarding Noinst,ONOS,Star2,200,1,1,True,True,74,16,90,110,0,110,10,1184,1194,0,10,0,0,10,0,5,0
Forwarding Noinst,ONOS,Star2,200,2,2,False,True,74,16,90,101,0,101,19,1148,1167,0,17,0,0,17,0,5,0
Forwarding Noinst,ONOS,Star2,200,2,2,True,True,74,16,90,101,0,101,19,1184,1203,0,17,0,0,17,0,5,0
Forwarding Noinst,ONOS,Star2,200,3,3,False,True,74,16,90,88,0,88,32,1148,1180,0,28,0,0,28,0,5,0
Forwarding Noinst,ONOS,Star2,200,3,3,True,True,74,16,90,88,0,88,32,1184,1216,0,28,0,0,28,0,5,0
Forwarding Noinst,ONOS,Star2,200,4,4,False,True,74,16,90,83,0,83,37,1148,1185,0,33,0,0,33,0,5,0
Forwarding Noinst,ONOS,Star2,200,4,4,True,True,74,16,90,83,0,83,37,1184,1221,0,33,0,0,33,0,5,0
Forwarding Noinst,ONOS,Star2,200,5,5,False,True,74,16,90,76,0,76,44,1148,1192,0,40,0,0,40,0,5,0
Forwarding Noinst,ONOS,Star2,200,5,5,True,True,74,16,90,76,0,76,44,1184,1228,0,40,0,0,40,0,5,0
Forwarding Noinst,ONOS,Star2,200,6,6,False,True,74,16,90,66,0,66,54,1148,1202,0,50,0,0,50,0,5,0
Forwarding Noinst,ONOS,Star2,200,6,6,True,True,74,16,90,66,0,66,54,1184,1238,0,50,0,0,50,0,5,0
Forwarding Noinst,ONOS,Star2,200,7,7,False,True,74,16,90,55,0,55,65,1148,1213,0,61,0,0,61,0,5,0
Forwarding Noinst,ONOS,Star2,200,7,7,True,True,74,16,90,55,0,55,65,1184,1249,0,61,0,0,61,0,5,0
Forwarding Noinst,ONOS,Star2,200,8,8,False,True,74,16,90,47,0,47,73,1148,1221,0,69,0,0,69,0,5,0
Forwarding Noinst,ONOS,Star2,200,8,8,True,True,74,16,90,47,0,47,73,1184,1257,0,69,0,0,69,0,5,0
Forwarding Noinst,ONOS,Star2,200,9,9,False,True,74,16,90,38,0,38,82,1148,1230,2,74,0,2,72,0,5,0
Forwarding Noinst,ONOS,Star2,200,9,9,True,True,74,16,90,38,0,38,82,1184,1266,0,74,0,0,74,0,5,0
Forwarding Noinst,ONOS,Star2,200,10,10,False,True,74,16,90,33,0,33,87,1148,1235,7,74,0,7,67,0,5,0
Forwarding Noinst,ONOS,Star2,200,10,10,True,True,74,16,90,33,0,33,87,1184,1271,0,74,0,0,74,0,5,0
Forwarding Noinst,ONOS,Star2,200,inf,inf,False,True,74,16,90,0,0,0,120,1148,1268,40,74,0,40,34,0,5,0
Forwarding Noinst,ONOS,Star2,200,inf,inf,True,True,74,16,90,0,0,0,120,1184,1304,0,74,0,0,74,0,5,0
LearningSwitch,Floodlight,BinTree1,200,0,0,False,True,406,59,465,1050,22,1072,0,7475,7475,0,0,0,0,0,0,48,0
LearningSwitch,Floodlight,BinTree1,200,0,0,True,True,406,59,465,1086,68,1154,0,7475,7475,0,0,0,0,0,0,48,0
LearningSwitch,Floodlight,BinTree1,200,1,1,False,True,406,59,465,979,22,1001,71,7475,7546,0,29,14,0,15,14,48,0
LearningSwitch,Floodlight,BinTree1,200,1,1,True,True,406,59,465,1015,68,1083,71,7475,7546,0,29,14,0,15,14,48,0
LearningSwitch,Floodlight,BinTree1,200,2,2,False,True,406,59,465,938,16,954,118,7475,7593,0,42,20,0,22,16,48,6
LearningSwitch,Floodlight,BinTree1,200,2,2,True,True,406,59,465,974,62,1036,118,7475,7593,0,42,20,0,22,16,48,6
LearningSwitch,Floodlight,BinTree1,200,3,3,False,True,406,59,465,882,10,892,180,7475,7655,0,59,33,0,26,19,48,10
LearningSwitch,Floodlight,BinTree1,200,3,3,True,True,406,59,465,910,46,956,198,7475,7673,0,61,33,0,28,21,48,15
LearningSwitch,Floodlight,BinTree1,200,4,4,False,True,406,59,465,842,10,852,220,7475,7695,2,70,37,2,31,18,48,10
LearningSwitch,Floodlight,BinTree1,200,4,4,True,True,406,59,465,870,36,906,248,7475,7723,0,72,37,0,35,20,48,20
LearningSwitch,Floodlight,BinTree1,200,5,5,False,True,406,59,465,780,10,790,282,7475,7757,18,88,43,2,43,25,48,10
LearningSwitch,Floodlight,BinTree1,200,5,5,True,True,406,59,465,802,28,830,324,7475,7799,0,90,43,0,47,23,48,24
LearningSwitch,Floodlight,BinTree1,200,6,6,False,True,406,59,465,725,10,735,337,7475,7812,34,97,50,4,43,26,48,10
LearningSwitch,Floodlight,BinTree1,200,6,6,True,True,406,59,465,744,28,772,382,7475,7857,0,99,50,0,49,25,48,24
LearningSwitch,Floodlight,BinTree1,200,7,7,False,True,406,59,465,684,8,692,380,7475,7855,40,112,58,7,47,25,48,12
LearningSwitch,Floodlight,BinTree1,200,7,7,True,True,406,59,465,701,20,721,433,7475,7908,0,114,58,0,56,26,48,29
LearningSwitch,Floodlight,BinTree1,200,8,8,False,True,406,59,465,640,8,648,424,7475,7899,60,118,64,8,46,28,48,12
LearningSwitch,Floodlight,BinTree1,200,8,8,True,True,406,59,465,656,20,676,478,7475,7953,0,119,64,0,55,27,48,29
LearningSwitch,Floodlight,BinTree1,200,9,9,False,True,406,59,465,585,8,593,479,7475,7954,74,123,70,8,45,30,48,12
LearningSwitch,Floodlight,BinTree1,200,9,9,True,True,406,59,465,601,20,621,533,7477,8010,0,124,70,0,54,27,48,29
LearningSwitch,Floodlight,BinTree1,200,10,10,False,True,406,59,465,555,8,563,509,7475,7984,82,126,71,10,45,32,48,12
LearningSwitch,Floodlight,BinTree1,200,10,10,True,True,406,59,465,570,16,586,568,7477,8045,0,127,71,0,56,30,48,31
LearningSwitch,Floodlight,BinTree1,200,inf,inf,False,True,406,59,465,0,0,0,1072,7475,8547,343,178,115,56,7,27,48,18
LearningSwitch,Floodlight,BinTree1,200,inf,inf,True,True,406,59,465,0,0,0,1154,7475,8629,0,178,115,0,63,20,48,41
LearningSwitch,Floodlight,Star2,200,0,0,False,True,70,7,77,271,0,271,0,223,223,0,0,0,0,0,0,5,0
LearningSwitch,Floodlight,Star2,200,0,0,True,True,70,7,77,274,6,280,0,223,223,0,0,0,0,0,0,5,0
LearningSwitch,Floodlight,Star2,200,1,1,False,True,70,7,77,247,0,247,24,223,247,0,10,0,0,10,0,5,0
LearningSwitch,Floodlight,Star2,200,1,1,True,True,70,7,77,250,6,256,24,223,247,0,10,0,0,10,0,5,0
LearningSwitch,Floodlight,Star2,200,2,2,False,True,70,7,77,227,0,227,44,223,267,0,18,0,0,18,0,5,0
LearningSwitch,Floodlight,Star2,200,2,2,True,True,70,7,77,230,6,236,44,223,267,0,18,0,0,18,0,5,0
LearningSwitch,Floodlight,Star2,200,3,3,False,True,70,7,77,205,0,205,66,223,289,3,22,0,3,19,0,5,0
LearningSwitch,Floodlight,Star2,200,3,3,True,True,70,7,77,205,0,205,75,223,298,0,22,0,0,22,0,5,3
LearningSwitch,Floodlight,Star2,200,4,4,False,True,70,7,77,202,0,202,69,223,292,6,22,0,6,16,0,5,0
LearningSwitch,Floodlight,Star2,200,4,4,True,True,70,7,77,202,0,202,78,223,301,0,22,0,0,22,0,5,3
LearningSwitch,Floodlight,Star2,200,5,5,False,True,70,7,77,186,0,186,85,223,308,16,24,0,16,8,0,5,0
LearningSwitch,Floodlight,Star2,200,5,5,True,True,70,7,77,186,0,186,94,223,317,0,24,0,0,24,0,5,3
LearningSwitch,Floodlight,Star2,200,6,6,False,True,70,7,77,174,0,174,97,223,320,16,28,0,16,12,0,5,0
LearningSwitch,Floodlight,Star2,200,6,6,True,True,70,7,77,174,0,174,106,223,329,0,28,0,0,28,0,5,3
LearningSwitch,Floodlight,Star2,200,7,7,False,True,70,7,77,155,0,155,116,223,339,17,35,0,17,18,0,5,0
LearningSwitch,Floodlight,Star2,200,7,7,True,True,70,7,77,155,0,155,125,223,348,0,35,0,0,35,0,5,3
LearningSwitch,Floodlight,Star2,200,8,8,False,True,70,7,77,144,0,144,127,223,350,22,36,0,22,14,0,5,0
LearningSwitch,Floodlight,Star2,200,8,8,True,True,70,7,77,144,0,144,136,223,359,0,36,0,0,36,0,5,3
LearningSwitch,Floodlight,Star2,200,9,9,False,True,70,7,77,120,0,120,151,223,374,27,43,0,27,16,0,5,0
LearningSwitch,Floodlight,Star2,200,9,9,True,True,70,7,77,120,0,120,160,223,383,0,43,0,0,43,0,5,3
LearningSwitch,Floodlight,Star2,200,10,10,False,True,70,7,77,105,0,105,166,223,389,30,47,0,30,17,0,5,0
LearningSwitch,Floodlight,Star2,200,10,10,True,True,70,7,77,105,0,105,175,223,398,0,47,0,0,47,0,5,3
LearningSwitch,Floodlight,Star2,200,inf,inf,False,True,70,7,77,0,0,0,271,223,494,64,70,0,64,6,0,5,0
LearningSwitch,Floodlight,Star2,200,inf,inf,True,True,70,7,77,0,0,0,280,223,503,0,70,0,0,70,0,5,3
LearningSwitch,POX EEL,BinTree1,200,0,0,False,True,183,76,259,288,0,288,0,5032,5032,0,0,0,0,0,0,81,0
LearningSwitch,POX EEL,BinTree1,200,0,0,True,True,183,76,259,334,73,407,0,5032,5032,0,0,0,0,0,0,81,0
LearningSwitch,POX EEL,BinTree1,200,1,1,False,True,183,76,259,263,0,263,25,5032,5057,0,11,9,0,2,9,81,0
LearningSwitch,POX EEL,BinTree1,200,1,1,True,True,183,76,259,309,73,382,25,5032,5057,0,11,9,0,2,9,81,0
LearningSwitch,POX EEL,BinTree1,200,2,2,False,True,183,76,259,239,0,239,49,5032,5081,0,22,13,0,9,13,81,0
LearningSwitch,POX EEL,BinTree1,200,2,2,True,True,183,76,259,285,73,358,49,5032,5081,0,22,13,0,9,13,81,0
LearningSwitch,POX EEL,BinTree1,200,3,3,False,True,183,76,259,221,0,221,67,5032,5099,0,29,17,0,12,17,81,0
LearningSwitch,POX EEL,BinTree1,200,3,3,True,True,183,76,259,266,69,335,72,5032,5104,0,30,17,0,13,17,81,2
LearningSwitch,POX EEL,BinTree1,200,4,4,False,True,183,76,259,201,0,201,87,5032,5119,0,35,22,0,13,19,81,0
LearningSwitch,POX EEL,BinTree1,200,4,4,True,True,183,76,259,236,59,295,112,5032,5144,0,40,25,0,15,22,81,12
LearningSwitch,POX EEL,BinTree1,200,5,5,False,True,183,76,259,188,0,188,100,5032,5132,1,38,27,0,11,22,81,0
LearningSwitch,POX EEL,BinTree1,200,5,5,True,True,183,76,259,221,52,273,134,5032,5166,0,43,30,0,13,24,81,18
LearningSwitch,POX EEL,BinTree1,200,6,6,False,True,183,76,259,163,0,163,125,5032,5157,5,43,31,0,12,26,81,0
LearningSwitch,POX EEL,BinTree1,200,6,6,True,True,183,76,259,192,49,241,166,5032,5198,0,49,34,0,15,28,81,21
LearningSwitch,POX EEL,BinTree1,200,7,7,False,True,183,76,259,157,0,157,131,5032,5163,8,44,32,0,12,27,81,0
LearningSwitch,POX EEL,BinTree1,200,7,7,True,True,183,76,259,182,46,228,179,5032,5211,0,50,36,0,14,29,81,24
LearningSwitch,POX EEL,BinTree1,200,8,8,False,True,183,76,259,143,0,143,145,5032,5177,12,47,34,0,13,28,81,0
LearningSwitch,POX EEL,BinTree1,200,8,8,True,True,183,76,259,168,46,214,193,5032,5225,0,53,38,0,15,29,81,24
LearningSwitch,POX EEL,BinTree1,200,9,9,False,True,183,76,259,138,0,138,150,5032,5182,12,48,36,0,12,29,81,0
LearningSwitch,POX EEL,BinTree1,200,9,9,True,True,183,76,259,163,44,207,200,5032,5232,0,54,40,0,14,30,81,26
LearningSwitch,POX EEL,BinTree1,200,10,10,False,True,183,76,259,125,0,125,163,5032,5195,20,50,37,0,13,31,81,0
LearningSwitch,POX EEL,BinTree1,200,10,10,True,True,183,76,259,148,43,191,216,5032,5248,0,56,41,0,15,31,81,27
LearningSwitch,POX EEL,BinTree1,200,inf,inf,False,True,183,76,259,0,0,0,288,5032,5320,90,65,48,4,13,32,81,0
LearningSwitch,POX EEL,BinTree1,200,inf,inf,True,True,183,76,259,0,0,0,407,5032,5439,0,76,55,0,21,29,81,68
LearningSwitch,POX EEL,BinTree2,200,0,0,False,True,663,487,1150,729,0,729,0,61337,61337,0,0,0,0,0,0,508,0
LearningSwitch,POX EEL,BinTree2,200,0,0,True,True,663,487,1150,1034,480,1514,0,61337,61337,0,0,0,0,0,0,508,0
LearningSwitch,POX EEL,BinTree2,200,1,1,False,True,663,487,1150,701,0,701,28,61337,61365,0,12,8,0,4,8,508,0
LearningSwitch,POX EEL,BinTree2,200,1,1,True,True,663,487,1150,1006,480,1486,28,61337,61365,0,12,8,0,4,8,508,0
LearningSwitch,POX EEL,BinTree2,200,2,2,False,True,663,487,1150,664,0,664,65,61337,61402,0,28,18,0,10,18,508,0
LearningSwitch,POX EEL,BinTree2,200,2,2,True,True,663,487,1150,969,480,1449,65,61337,61402,0,28,18,0,10,18,508,0
LearningSwitch,POX EEL,BinTree2,200,3,3,False,True,663,487,1150,646,0,646,83,61337,61420,0,34,22,0,12,22,508,0
LearningSwitch,POX EEL,BinTree2,200,3,3,True,True,663,487,1150,947,467,1414,100,61337,61437,0,37,22,0,15,22,508,9
LearningSwitch,POX EEL,BinTree2,200,4,4,False,True,663,487,1150,622,0,622,107,61337,61444,0,39,27,0,12,25,508,0
LearningSwitch,POX EEL,BinTree2,200,4,4,True,True,663,487,1150,901,442,1343,171,61337,61508,0,55,32,0,23,28,508,24
LearningSwitch,POX EEL,BinTree2,200,5,5,False,True,663,487,1150,595,0,595,134,61337,61471,0,50,35,0,15,33,508,0
LearningSwitch,POX EEL,BinTree2,200,5,5,True,True,663,487,1150,852,419,1271,243,61337,61580,0,72,47,0,25,41,508,36
LearningSwitch,POX EEL,BinTree2,200,6,6,False,True,663,487,1150,568,0,568,161,61337,61498,0,58,41,0,17,39,508,0
LearningSwitch,POX EEL,BinTree2,200,6,6,True,True,663,487,1150,804,395,1199,315,61337,61652,0,80,58,0,22,51,508,48
LearningSwitch,POX EEL,BinTree2,200,7,7,False,True,663,487,1150,542,0,542,187,61337,61524,0,65,48,0,17,45,508,0
LearningSwitch,POX EEL,BinTree2,200,7,7,True,True,663,487,1150,764,377,1141,373,61337,61710,0,86,64,0,22,57,508,57
LearningSwitch,POX EEL,BinTree2,200,8,8,False,True,663,487,1150,516,0,516,213,61337,61550,1,73,55,0,18,52,508,0
LearningSwitch,POX EEL,BinTree2,200,8,8,True,True,663,487,1150,729,363,1092,422,61337,61759,0,96,73,0,23,63,508,69
LearningSwitch,POX EEL,BinTree2,200,9,9,False,True,663,487,1150,494,0,494,235,61337,61572,6,77,61,0,16,54,508,0
LearningSwitch,POX EEL,BinTree2,200,9,9,True,True,663,487,1150,696,349,1045,469,61337,61806,1,101,80,0,21,69,508,79
LearningSwitch,POX EEL,BinTree2,200,10,10,False,True,663,487,1150,484,0,484,245,61337,61582,11,78,62,0,16,56,508,0
LearningSwitch,POX EEL,BinTree2,200,10,10,True,True,663,487,1150,679,333,1012,502,61337,61839,1,104,82,0,22,68,508,93
LearningSwitch,POX EEL,BinTree2,200,inf,inf,False,True,663,487,1150,0,0,0,729,61337,62066,137,148,116,2,30,89,508,0
LearningSwitch,POX EEL,BinTree2,200,inf,inf,True,True,663,487,1150,0,0,0,1514,61337,62851,3,190,155,0,35,103,508,384
LearningSwitch,POX EEL,Mesh2,200,0,0,False,True,66,16,82,145,0,145,0,387,387,0,0,0,0,0,0,18,0
LearningSwitch,POX EEL,Mesh2,200,0,0,True,True,66,16,82,153,14,167,0,387,387,0,0,0,0,0,0,18,0
LearningSwitch,POX EEL,Mesh2,200,1,1,False,True,66,16,82,132,0,132,13,387,400,0,6,3,0,3,3,18,0
LearningSwitch,POX EEL,Mesh2,200,1,1,True,True,66,16,82,140,14,154,13,387,400,0,6,3,0,3,3,18,0
LearningSwitch,POX EEL,Mesh2,200,2,2,False,True,66,16,82,121,0,121,24,387,411,0,11,5,0,6,5,18,0
LearningSwitch,POX EEL,Mesh2,200,2,2,True,True,66,16,82,129,14,143,24,387,411,0,11,5,0,6,5,18,0
LearningSwitch,POX EEL,Mesh2,200,3,3,False,True,66,16,82,107,0,107,38,387,425,2,13,8,0,5,8,18,0
LearningSwitch,POX EEL,Mesh2,200,3,3,True,True,66,16,82,112,8,120,47,387,434,0,13,8,0,5,8,18,6
LearningSwitch,POX EEL,Mesh2,200,4,4,False,True,66,16,82,102,0,102,43,387,430,2,15,9,0,6,8,18,0
LearningSwitch,POX EEL,Mesh2,200,4,4,True,True,66,16,82,105,5,110,57,387,444,0,15,9,0,6,8,18,9
LearningSwitch,POX EEL,Mesh2,200,5,5,False,True,66,16,82,81,0,81,64,387,451,4,19,17,0,2,14,18,0
LearningSwitch,POX EEL,Mesh2,200,5,5,True,True,66,16,82,83,2,85,82,387,469,0,19,17,0,2,14,18,12
LearningSwitch,POX EEL,Mesh2,200,6,6,False,True,66,16,82,72,0,72,73,387,460,8,21,19,0,2,14,18,0
LearningSwitch,POX EEL,Mesh2,200,6,6,True,True,66,16,82,72,0,72,95,387,482,0,22,20,0,2,13,18,14
LearningSwitch,POX EEL,Mesh2,200,7,7,False,True,66,16,82,69,0,69,76,387,463,10,22,19,0,3,14,18,0
LearningSwitch,POX EEL,Mesh2,200,7,7,True,True,66,16,82,69,0,69,98,387,485,0,23,20,0,3,13,18,14
LearningSwitch,POX EEL,Mesh2,200,8,8,False,True,66,16,82,55,0,55,90,387,477,16,26,23,0,3,12,18,0
LearningSwitch,POX EEL,Mesh2,200,8,8,True,True,66,16,82,55,0,55,112,387,499,0,27,24,0,3,11,18,14
LearningSwitch,POX EEL,Mesh2,200,9,9,False,True,66,16,82,55,0,55,90,387,477,16,26,23,0,3,12,18,0
LearningSwitch,POX EEL,Mesh2,200,9,9,True,True,66,16,82,55,0,55,112,387,499,0,27,24,0,3,11,18,14
LearningSwitch,POX EEL,Mesh2,200,10,10,False,True,66,16,82,44,0,44,101,387,488,20,27,25,0,2,16,18,0
LearningSwitch,POX EEL,Mesh2,200,10,10,True,True,66,16,82,44,0,44,123,387,510,0,28,26,0,2,15,18,14
LearningSwitch,POX EEL,Mesh2,200,inf,inf,False,True,66,16,82,0,0,0,145,387,532,48,33,31,0,2,12,18,0
LearningSwitch,POX EEL,Mesh2,200,inf,inf,True,True,66,16,82,0,0,0,167,387,554,0,34,32,0,2,11,18,14
LearningSwitch,POX EEL,Star2,200,0,0,False,True,42,7,49,76,0,76,0,218,218,0,0,0,0,0,0,7,0
LearningSwitch,POX EEL,Star2,200,0,0,True,True,42,7,49,78,6,84,0,218,218,0,0,0,0,0,0,7,0
LearningSwitch,POX EEL,Star2,200,1,1,False,True,42,7,49,74,0,74,2,218,220,0,2,0,0,2,0,7,0
LearningSwitch,POX EEL,Star2,200,1,1,True,True,42,7,49,76,6,82,2,218,220,0,2,0,0,2,0,7,0
LearningSwitch,POX EEL,Star2,200,2,2,False,True,42,7,49,66,0,66,10,218,228,0,10,0,0,10,0,7,0
LearningSwitch,POX EEL,Star2,200,2,2,True,True,42,7,49,68,6,74,10,218,228,0,10,0,0,10,0,7,0
LearningSwitch,POX EEL,Star2,200,3,3,False,True,42,7,49,63,0,63,13,218,231,0,13,0,0,13,0,7,0
LearningSwitch,POX EEL,Star2,200,3,3,True,True,42,7,49,64,2,66,18,218,236,0,14,0,0,14,0,7,3
LearningSwitch,POX EEL,Star2,200,4,4,False,True,42,7,49,59,0,59,17,218,235,4,13,0,4,9,0,7,0
LearningSwitch,POX EEL,Star2,200,4,4,True,True,42,7,49,60,2,62,22,218,240,0,14,0,0,14,0,7,3
LearningSwitch,POX EEL,Star2,200,5,5,False,True,42,7,49,56,0,56,20,218,238,4,16,0,4,12,0,7,0
LearningSwitch,POX EEL,Star2,200,5,5,True,True,42,7,49,57,2,59,25,218,243,0,17,0,0,17,0,7,3
LearningSwitch,POX EEL,Star2,200,6,6,False,True,42,7,49,55,0,55,21,218,239,4,17,0,4,13,0,7,0
LearningSwitch,POX EEL,Star2,200,6,6,True,True,42,7,49,56,2,58,26,218,244,0,18,0,0,18,0,7,3
LearningSwitch,POX EEL,Star2,200,7,7,False,True,42,7,49,51,0,51,25,218,243,4,21,0,4,17,0,7,0
LearningSwitch,POX EEL,Star2,200,7,7,True,True,42,7,49,52,2,54,30,218,248,0,22,0,0,22,0,7,3
LearningSwitch,POX EEL,Star2,200,8,8,False,True,42,7,49,51,0,51,25,218,243,4,21,0,4,17,0,7,0
LearningSwitch,POX EEL,Star2,200,8,8,True,True,42,7,49,52,2,54,30,218,248,0,22,0,0,22,0,7,3
LearningSwitch,POX EEL,Star2,200,9,9,False,True,42,7,49,49,0,49,27,218,245,4,23,0,4,19,0,7,0
LearningSwitch,POX EEL,Star2,200,9,9,True,True,42,7,49,49,0,49,35,218,253,0,25,0,0,25,0,7,5
LearningSwitch,POX EEL,Star2,200,10,10,False,True,42,7,49,38,0,38,38,218,256,8,30,0,8,22,0,7,0
LearningSwitch,POX EEL,Star2,200,10,10,True,True,42,7,49,38,0,38,46,218,264,0,32,0,0,32,0,7,5
LearningSwitch,POX EEL,Star2,200,inf,inf,False,True,42,7,49,0,0,0,76,218,294,36,40,0,36,4,0,7,0
LearningSwitch,POX EEL,Star2,200,inf,inf,True,True,42,7,49,0,0,0,84,218,302,0,42,0,0,42,0,7,5
CircuitPusher,Floodlight,BinTree1,200,0,0,False,True,114,158,272,446,110,556,0,11344,11344,0,0,0,0,0,0,91,0
CircuitPusher,Floodlight,BinTree1,200,0,0,True,True,114,158,272,446,265,711,0,11344,11344,0,0,0,0,0,0,91,0
CircuitPusher,Floodlight,BinTree1,200,1,1,False,True,114,158,272,419,97,516,40,11344,11384,0,21,11,0,10,8,91,0
CircuitPusher,Floodlight,BinTree1,200,1,1,True,True,114,158,272,419,252,671,40,11344,11384,0,21,11,0,10,8,91,0
CircuitPusher,Floodlight,BinTree1,200,2,2,False,True,114,158,272,401,89,490,66,11344,11410,0,31,14,0,17,10,91,0
CircuitPusher,Floodlight,BinTree1,200,2,2,True,True,114,158,272,401,244,645,66,11344,11410,0,31,14,0,17,10,91,0
CircuitPusher,Floodlight,BinTree1,200,3,3,False,True,114,158,272,362,82,444,112,11344,11456,0,43,17,0,26,14,91,0
CircuitPusher,Floodlight,BinTree1,200,3,3,True,True,114,158,272,362,237,599,112,11344,11456,0,43,17,0,26,14,91,0
CircuitPusher,Floodlight,BinTree1,200,4,4,False,True,114,158,272,321,76,397,159,11344,11503,0,47,18,0,29,14,91,0
CircuitPusher,Floodlight,BinTree1,200,4,4,True,True,114,158,272,321,231,552,159,11344,11503,0,47,18,0,29,14,91,0
CircuitPusher,Floodlight,BinTree1,200,5,5,False,True,114,158,272,286,67,353,203,11344,11547,0,57,19,0,38,14,91,0
CircuitPusher,Floodlight,BinTree1,200,5,5,True,True,114,158,272,286,222,508,203,11344,11547,0,57,19,0,38,14,91,0
CircuitPusher,Floodlight,BinTree1,200,6,6,False,True,114,158,272,253,59,312,244,11344,11588,1,62,20,0,42,15,91,0
CircuitPusher,Floodlight,BinTree1,200,6,6,True,True,114,158,272,253,208,461,250,11344,11594,0,62,20,0,42,15,91,1
CircuitPusher,Floodlight,BinTree1,200,7,7,False,True,114,158,272,229,52,281,275,11344,11619,2,66,20,0,46,15,91,0
CircuitPusher,Floodlight,BinTree1,200,7,7,True,True,114,158,272,229,181,410,301,11344,11645,0,66,20,0,46,15,91,1
CircuitPusher,Floodlight,BinTree1,200,8,8,False,True,114,158,272,205,48,253,303,11344,11647,2,67,20,0,47,14,91,0
CircuitPusher,Floodlight,BinTree1,200,8,8,True,True,114,158,272,205,171,376,335,11344,11679,0,67,20,0,47,14,91,1
CircuitPusher,Floodlight,BinTree1,200,9,9,False,True,114,158,272,188,39,227,329,11344,11673,4,69,20,0,49,16,91,0
CircuitPusher,Floodlight,BinTree1,200,9,9,True,True,114,158,272,188,159,347,364,11344,11708,0,69,20,0,49,16,91,1
CircuitPusher,Floodlight,BinTree1,200,10,10,False,True,114,158,272,161,30,191,365,11344,11709,8,71,20,0,51,17,91,0
CircuitPusher,Floodlight,BinTree1,200,10,10,True,True,114,158,272,161,142,303,408,11344,11752,0,71,20,0,51,17,91,1
CircuitPusher,Floodlight,BinTree1,200,inf,inf,False,True,114,158,272,0,0,0,556,11344,11900,44,80,20,9,51,12,91,0
CircuitPusher,Floodlight,BinTree1,200,inf,inf,True,True,114,158,272,0,0,0,711,11344,12055,0,80,20,0,60,12,91,1
