app,controller,topology,steps,rw_delta,ww_delta,alt_barr,data_deps,num_read,num_writes,num_ops,num_rw_time_edges,num_ww_time_edges,num_time_edges,num_harmful,num_commute,num_races,num_covered,num_per_pkt_races,num_per_pkt_inconsistent,num_per_pkt_inconsistent_covered,num_per_pkt_entry_version_race,num_per_pkt_inconsistent_no_repeat
forwarding,floodlight,BinTree1,200,0,0,False,True,359,41,400,730,0,730,0,4410,4410,0,0,0,0,0,0
forwarding,floodlight,BinTree1,200,0,0,True,True,359,41,400,746,38,784,0,4410,4410,0,0,0,0,0,0
forwarding,floodlight,BinTree1,200,1,1,False,True,359,41,400,687,0,687,43,4410,4453,0,23,15,0,8,13
forwarding,floodlight,BinTree1,200,1,1,True,True,359,41,400,703,38,741,43,4410,4453,0,23,15,0,8,13
forwarding,floodlight,BinTree1,200,2,2,False,True,359,41,400,665,0,665,65,4410,4475,0,33,19,0,14,16
forwarding,floodlight,BinTree1,200,2,2,True,True,359,41,400,681,38,719,65,4410,4475,0,33,19,0,14,16
forwarding,floodlight,BinTree1,200,3,3,False,True,359,41,400,626,0,626,104,4410,4514,3,48,27,1,20,20
forwarding,floodlight,BinTree1,200,3,3,True,True,359,41,400,639,24,663,121,4410,4531,1,50,27,1,22,20
forwarding,floodlight,BinTree1,200,4,4,False,True,359,41,400,583,0,583,147,4410,4557,21,60,33,6,21,23
forwarding,floodlight,BinTree1,200,4,4,True,True,359,41,400,587,15,602,182,4410,4592,3,62,33,2,27,22
forwarding,floodlight,BinTree1,200,5,5,False,True,359,41,400,559,0,559,171,4410,4581,30,66,37,9,20,24
forwarding,floodlight,BinTree1,200,5,5,True,True,359,41,400,563,12,575,209,4410,4619,4,68,37,2,29,23
forwarding,floodlight,BinTree1,200,6,6,False,True,359,41,400,526,0,526,204,4410,4614,52,73,39,16,18,27
forwarding,floodlight,BinTree1,200,6,6,True,True,359,41,400,529,9,538,246,4410,4656,6,75,39,3,33,25
forwarding,floodlight,BinTree1,200,7,7,False,True,359,41,400,483,0,483,247,4410,4657,75,81,45,19,17,28
forwarding,floodlight,BinTree1,200,7,7,True,True,359,41,400,486,9,495,289,4410,4699,6,83,45,3,35,27
forwarding,floodlight,BinTree1,200,8,8,False,True,359,41,400,441,0,441,289,4410,4699,92,92,54,22,16,31
forwarding,floodlight,BinTree1,200,8,8,True,True,359,41,400,444,9,453,331,4410,4741,10,94,54,4,36,29
forwarding,floodlight,BinTree1,200,9,9,False,True,359,41,400,404,0,404,326,4410,4736,108,102,59,25,18,32
forwarding,floodlight,BinTree1,200,9,9,True,True,359,41,400,407,9,416,368,4410,4778,12,104,59,5,40,30
forwarding,floodlight,BinTree1,200,10,10,False,True,359,41,400,359,0,359,371,4410,4781,134,108,65,25,18,32
forwarding,floodlight,BinTree1,200,10,10,True,True,359,41,400,362,9,371,413,4410,4823,12,110,66,4,40,30
forwarding,floodlight,BinTree1,200,inf,inf,False,True,359,41,400,0,0,0,730,4410,5140,343,151,101,43,7,25
forwarding,floodlight,BinTree1,200,inf,inf,True,True,359,41,400,0,0,0,784,4410,5194,14,152,104,0,48,23
forwarding,POX_EEL,BinTree1,200,0,0,False,True,202,104,306,1148,287,1435,0,6564,6564,0,0,0,0,0,0
forwarding,POX_EEL,BinTree1,200,0,0,True,True,202,104,306,1226,446,1672,0,7126,7126,0,0,0,0,0,0
forwarding,POX_EEL,BinTree1,200,1,1,False,True,202,104,306,1112,284,1396,39,6564,6603,0,22,10,0,12,10
forwarding,POX_EEL,BinTree1,200,1,1,True,True,202,104,306,1177,440,1617,55,7126,7181,0,24,9,0,15,9
forwarding,POX_EEL,BinTree1,200,2,2,False,True,202,104,306,1086,283,1369,66,6564,6630,2,27,16,1,10,16
forwarding,POX_EEL,BinTree1,200,2,2,True,True,202,104,306,1151,439,1590,82,7126,7208,0,29,16,0,13,16
forwarding,POX_EEL,BinTree1,200,3,3,False,True,202,104,306,1067,283,1350,85,6564,6649,5,35,20,1,14,19
forwarding,POX_EEL,BinTree1,200,3,3,True,True,202,104,306,1132,439,1571,101,7126,7227,0,37,19,0,18,19
forwarding,POX_EEL,BinTree1,200,4,4,False,True,202,104,306,1049,277,1326,109,6564,6673,7,43,25,3,15,21
forwarding,POX_EEL,BinTree1,200,4,4,True,True,202,104,306,1114,433,1547,125,7126,7251,0,45,24,0,21,21
forwarding,POX_EEL,BinTree1,200,5,5,False,True,202,104,306,1041,274,1315,120,6564,6684,8,46,27,3,16,22
forwarding,POX_EEL,BinTree1,200,5,5,True,True,202,104,306,1106,430,1536,136,7126,7262,0,48,26,0,22,22
forwarding,POX_EEL,BinTree1,200,6,6,False,True,202,104,306,1038,274,1312,123,6564,6687,8,47,27,3,17,21
forwarding,POX_EEL,BinTree1,200,6,6,True,True,202,104,306,1103,430,1533,139,7126,7265,0,49,26,0,23,21
forwarding,POX_EEL,BinTree1,200,7,7,False,True,202,104,306,1010,270,1280,155,6564,6719,9,50,29,4,17,23
forwarding,POX_EEL,BinTree1,200,7,7,True,True,202,104,306,1072,401,1473,199,7126,7325,0,52,28,0,24,23
forwarding,POX_EEL,BinTree1,200,8,8,False,True,202,104,306,962,247,1209,226,6564,6790,17,55,32,4,19,25
forwarding,POX_EEL,BinTree1,200,8,8,True,True,202,104,306,1010,340,1350,322,7126,7448,0,57,31,0,26,25
forwarding,POX_EEL,BinTree1,200,9,9,False,True,202,104,306,907,199,1106,329,6564,6893,54,64,38,6,20,26
forwarding,POX_EEL,BinTree1,200,9,9,True,True,202,104,306,949,268,1217,455,7126,7581,0,66,37,0,29,26
forwarding,POX_EEL,BinTree1,200,10,10,False,True,202,104,306,828,180,1008,427,6564,6991,92,74,43,9,22,31
forwarding,POX_EEL,BinTree1,200,10,10,True,True,202,104,306,865,248,1113,559,7126,7685,0,76,42,0,34,31
forwarding,POX_EEL,BinTree1,200,inf,inf,False,True,202,104,306,0,0,0,1435,6564,7999,551,83,50,22,11,25
forwarding,POX_EEL,BinTree1,200,inf,inf,True,True,202,104,306,0,0,0,1672,7126,8798,0,85,49,0,36,24
forwarding,POX_EEL,BinTree2,200,0,0,False,True,526,642,1168,6941,6285,13226,0,60778,60778,0,0,0,0,0,0
forwarding,POX_EEL,BinTree2,200,0,0,True,True,526,642,1168,7363,7167,14530,0,64147,64147,0,0,0,0,0,0
forwarding,POX_EEL,BinTree2,200,1,1,False,True,526,642,1168,6850,6277,13127,99,60778,60877,0,73,8,0,65,8
forwarding,POX_EEL,BinTree2,200,1,1,True,True,526,642,1168,7261,7152,14413,117,64147,64264,0,73,8,0,65,8
forwarding,POX_EEL,BinTree2,200,2,2,False,True,526,642,1168,6807,6256,13063,163,60778,60941,1,77,18,1,58,18
forwarding,POX_EEL,BinTree2,200,2,2,True,True,526,642,1168,7218,7131,14349,181,64147,64328,0,76,17,0,59,17
forwarding,POX_EEL,BinTree2,200,3,3,False,True,526,642,1168,6762,6242,13004,222,60778,61000,1,83,35,1,47,35
forwarding,POX_EEL,BinTree2,200,3,3,True,True,526,642,1168,7168,7117,14285,245,64147,64392,0,83,32,0,51,32
forwarding,POX_EEL,BinTree2,200,4,4,False,True,526,642,1168,6706,6234,12940,286,60778,61064,1,85,51,1,33,50
forwarding,POX_EEL,BinTree2,200,4,4,True,True,526,642,1168,7107,7109,14216,314,64147,64461,0,85,46,0,39,46
forwarding,POX_EEL,BinTree2,200,5,5,False,True,526,642,1168,6663,6220,12883,343,60778,61121,2,86,58,1,27,57
forwarding,POX_EEL,BinTree2,200,5,5,True,True,526,642,1168,7061,7095,14156,374,64147,64521,0,86,52,0,34,52
forwarding,POX_EEL,BinTree2,200,6,6,False,True,526,642,1168,6595,6147,12742,484,60778,61262,4,87,68,2,17,68
forwarding,POX_EEL,BinTree2,200,6,6,True,True,526,642,1168,6984,6930,13914,616,64147,64763,0,87,59,0,28,59
forwarding,POX_EEL,BinTree2,200,7,7,False,True,526,642,1168,6486,6019,12505,721,60778,61499,49,89,71,4,14,71
forwarding,POX_EEL,BinTree2,200,7,7,True,True,526,642,1168,6866,6732,13598,932,64147,65079,0,89,63,0,26,63
forwarding,POX_EEL,BinTree2,200,8,8,False,True,526,642,1168,6354,5830,12184,1042,60778,61820,87,92,75,4,13,73
forwarding,POX_EEL,BinTree2,200,8,8,True,True,526,642,1168,6722,6468,13190,1340,64147,65487,0,93,70,0,23,69
forwarding,POX_EEL,BinTree2,200,9,9,False,True,526,642,1168,6189,5631,11820,1406,60778,62184,153,92,75,4,13,74
forwarding,POX_EEL,BinTree2,200,9,9,True,True,526,642,1168,6546,6198,12744,1786,64147,65933,0,93,70,0,23,68
forwarding,POX_EEL,BinTree2,200,10,10,False,True,526,642,1168,5993,5332,11325,1901,60778,62679,253,93,75,4,14,73
forwarding,POX_EEL,BinTree2,200,10,10,True,True,526,642,1168,6329,5774,12103,2427,64147,66574,0,94,70,0,24,67
forwarding,POX_EEL,BinTree2,200,inf,inf,False,True,526,642,1168,0,0,0,13226,60778,74004,2805,130,106,10,14,93
forwarding,POX_EEL,BinTree2,200,inf,inf,True,True,526,642,1168,0,0,0,14530,64147,78677,0,131,100,0,31,87
forwarding,POX_EEL,Mesh2,200,0,0,False,True,92,20,112,342,8,350,0,518,518,0,0,0,0,0,0
forwarding,POX_EEL,Mesh2,200,0,0,True,True,92,20,112,368,42,410,0,600,600,0,0,0,0,0,0
forwarding,POX_EEL,Mesh2,200,1,1,False,True,92,20,112,332,8,340,10,518,528,0,7,5,0,2,4
forwarding,POX_EEL,Mesh2,200,1,1,True,True,92,20,112,355,40,395,15,600,615,0,6,4,0,2,4
forwarding,POX_EEL,Mesh2,200,2,2,False,True,92,20,112,318,6,324,26,518,544,4,15,10,3,2,4
forwarding,POX_EEL,Mesh2,200,2,2,True,True,92,20,112,337,38,375,35,600,635,0,15,13,0,2,7
forwarding,POX_EEL,Mesh2,200,3,3,False,True,92,20,112,308,6,314,36,518,554,10,19,13,6,0,4
forwarding,POX_EEL,Mesh2,200,3,3,True,True,92,20,112,327,38,365,45,600,645,0,19,19,0,0,7
forwarding,POX_EEL,Mesh2,200,4,4,False,True,92,20,112,294,4,298,52,518,570,19,27,15,11,1,4
forwarding,POX_EEL,Mesh2,200,4,4,True,True,92,20,112,313,36,349,61,600,661,0,27,25,0,2,7
forwarding,POX_EEL,Mesh2,200,5,5,False,True,92,20,112,285,4,289,61,518,579,24,31,17,13,1,4
forwarding,POX_EEL,Mesh2,200,5,5,True,True,92,20,112,304,36,340,70,600,670,0,31,30,0,1,7
forwarding,POX_EEL,Mesh2,200,6,6,False,True,92,20,112,278,4,282,68,518,586,28,34,19,15,0,4
forwarding,POX_EEL,Mesh2,200,6,6,True,True,92,20,112,297,36,333,77,600,677,0,34,34,0,0,7
forwarding,POX_EEL,Mesh2,200,7,7,False,True,92,20,112,271,2,273,77,518,595,32,36,19,17,0,4
forwarding,POX_EEL,Mesh2,200,7,7,True,True,92,20,112,289,32,321,89,600,689,0,36,36,0,0,8
forwarding,POX_EEL,Mesh2,200,8,8,False,True,92,20,112,264,2,266,84,518,602,33,38,21,17,0,5
forwarding,POX_EEL,Mesh2,200,8,8,True,True,92,20,112,281,28,309,101,600,701,0,38,38,0,0,8
forwarding,POX_EEL,Mesh2,200,9,9,False,True,92,20,112,244,2,246,104,518,622,44,42,24,18,0,6
forwarding,POX_EEL,Mesh2,200,9,9,True,True,92,20,112,258,24,282,128,600,728,0,42,42,0,0,12
forwarding,POX_EEL,Mesh2,200,10,10,False,True,92,20,112,218,0,218,132,518,650,68,44,24,20,0,6
forwarding,POX_EEL,Mesh2,200,10,10,True,True,92,20,112,231,20,251,159,600,759,0,44,44,0,0,14
forwarding,POX_EEL,Mesh2,200,inf,inf,False,True,92,20,112,0,0,0,350,518,868,280,45,24,21,0,5
forwarding,POX_EEL,Mesh2,200,inf,inf,True,True,92,20,112,0,0,0,410,600,1010,0,45,44,0,1,7
forwarding,POX_EEL,Star2,200,0,0,False,True,31,8,39,54,0,54,0,166,166,0,0,0,0,0,0
forwarding,POX_EEL,Star2,200,0,0,True,True,31,8,39,62,7,69,0,207,207,0,0,0,0,0,0
forwarding,POX_EEL,Star2,200,1,1,False,True,31,8,39,49,0,49,5,166,171,0,4,0,0,4,0
forwarding,POX_EEL,Star2,200,1,1,True,True,31,8,39,54,6,60,9,207,216,0,5,0,0,5,0
forwarding,POX_EEL,Star2,200,2,2,False,True,31,8,39,45,0,45,9,166,175,2,8,0,2,6,0
forwarding,POX_EEL,Star2,200,2,2,True,True,31,8,39,49,6,55,14,207,221,0,10,0,0,10,0
forwarding,POX_EEL,Star2,200,3,3,False,True,31,8,39,42,0,42,12,166,178,4,11,0,4,7,0
forwarding,POX_EEL,Star2,200,3,3,True,True,31,8,39,46,6,52,17,207,224,0,13,0,0,13,0
forwarding,POX_EEL,Star2,200,4,4,False,True,31,8,39,39,0,39,15,166,181,6,14,0,6,8,0
forwarding,POX_EEL,Star2,200,4,4,True,True,31,8,39,43,6,49,20,207,227,0,16,0,0,16,0
forwarding,POX_EEL,Star2,200,5,5,False,True,31,8,39,37,0,37,17,166,183,7,16,0,7,9,0
forwarding,POX_EEL,Star2,200,5,5,True,True,31,8,39,41,6,47,22,207,229,0,18,0,0,18,0
forwarding,POX_EEL,Star2,200,6,6,False,True,31,8,39,34,0,34,20,166,186,7,19,0,7,12,0
forwarding,POX_EEL,Star2,200,6,6,True,True,31,8,39,38,6,44,25,207,232,0,21,0,0,21,0
forwarding,POX_EEL,Star2,200,7,7,False,True,31,8,39,28,0,28,26,166,192,11,25,0,11,14,0
forwarding,POX_EEL,Star2,200,7,7,True,True,31,8,39,32,6,38,31,207,238,0,27,0,0,27,0
forwarding,POX_EEL,Star2,200,8,8,False,True,31,8,39,27,0,27,27,166,193,12,26,0,12,14,0
forwarding,POX_EEL,Star2,200,8,8,True,True,31,8,39,31,6,37,32,207,239,0,28,0,0,28,0
forwarding,POX_EEL,Star2,200,9,9,False,True,31,8,39,27,0,27,27,166,193,12,26,0,12,14,0
forwarding,POX_EEL,Star2,200,9,9,True,True,31,8,39,31,6,37,32,207,239,0,28,0,0,28,0
forwarding,POX_EEL,Star2,200,10,10,False,True,31,8,39,27,0,27,27,166,193,12,26,0,12,14,0
forwarding,POX_EEL,Star2,200,10,10,True,True,31,8,39,31,6,37,32,207,239,0,28,0,0,28,0
forwarding,POX_EEL,Star2,200,inf,inf,False,True,31,8,39,0,0,0,54,166,220,36,27,0,24,3,0
forwarding,POX_EEL,Star2,200,inf,inf,True,True,31,8,39,0,0,0,69,207,276,0,28,0,0,28,0
forwarding_fixed,POX_EEL,BinTree1,200,0,0,False,True,184,84,268,335,24,359,0,4462,4462,0,0,0,0,0,0
forwarding_fixed,POX_EEL,BinTree1,200,0,0,True,True,184,84,268,405,81,486,0,5876,5876,0,0,0,0,0,0
forwarding_fixed,POX_EEL,BinTree1,200,1,1,False,True,184,84,268,281,24,305,54,4462,4516,6,21,18,0,3,18
forwarding_fixed,POX_EEL,BinTree1,200,1,1,True,True,184,84,268,333,78,411,75,5876,5951,0,20,15,0,5,15
forwarding_fixed,POX_EEL,BinTree1,200,2,2,False,True,184,84,268,256,24,280,79,4462,4541,16,25,22,0,3,22
forwarding_fixed,POX_EEL,BinTree1,200,2,2,True,True,184,84,268,305,78,383,103,5876,5979,0,24,19,0,5,19
forwarding_fixed,POX_EEL,BinTree1,200,3,3,False,True,184,84,268,233,24,257,102,4462,4564,22,32,28,2,2,24
forwarding_fixed,POX_EEL,BinTree1,200,3,3,True,True,184,84,268,281,78,359,127,5876,6003,0,31,27,0,4,24
forwarding_fixed,POX_EEL,BinTree1,200,4,4,False,True,184,84,268,219,24,243,116,4462,4578,27,35,30,3,2,23
forwarding_fixed,POX_EEL,BinTree1,200,4,4,True,True,184,84,268,267,78,345,141,5876,6017,0,34,30,0,4,23
forwarding_fixed,POX_EEL,BinTree1,200,5,5,False,True,184,84,268,197,24,221,138,4462,4600,29,45,36,3,6,25
forwarding_fixed,POX_EEL,BinTree1,200,5,5,True,True,184,84,268,245,78,323,163,5876,6039,0,44,36,0,8,24
forwarding_fixed,POX_EEL,BinTree1,200,6,6,False,True,184,84,268,182,24,206,153,4462,4615,36,49,37,5,7,22
forwarding_fixed,POX_EEL,BinTree1,200,6,6,True,True,184,84,268,230,78,308,178,5876,6054,0,48,38,0,10,22
forwarding_fixed,POX_EEL,BinTree1,200,7,7,False,True,184,84,268,170,24,194,165,4462,4627,40,53,41,5,7,23
forwarding_fixed,POX_EEL,BinTree1,200,7,7,True,True,184,84,268,217,78,295,191,5876,6067,0,52,43,0,9,23
forwarding_fixed,POX_EEL,BinTree1,200,8,8,False,True,184,84,268,162,24,186,173,4462,4635,40,55,45,3,7,24
forwarding_fixed,POX_EEL,BinTree1,200,8,8,True,True,184,84,268,209,78,287,199,5876,6075,0,54,45,0,9,22
forwarding_fixed,POX_EEL,BinTree1,200,9,9,False,True,184,84,268,148,24,172,187,4462,4649,42,59,50,3,6,24
forwarding_fixed,POX_EEL,BinTree1,200,9,9,True,True,184,84,268,195,78,273,213,5876,6089,0,58,50,0,8,22
forwarding_fixed,POX_EEL,BinTree1,200,10,10,False,True,184,84,268,148,24,172,187,4462,4649,42,59,50,3,6,24
forwarding_fixed,POX_EEL,BinTree1,200,10,10,True,True,184,84,268,195,78,273,213,5876,6089,0,58,50,0,8,22
forwarding_fixed,POX_EEL,BinTree1,200,inf,inf,False,True,184,84,268,0,0,0,359,4462,4821,159,62,53,7,2,28
forwarding_fixed,POX_EEL,BinTree1,200,inf,inf,True,True,184,84,268,0,0,0,486,5876,6362,0,62,54,0,8,25
forwarding_fixed,POX_EEL,BinTree2,200,0,0,False,True,320,547,867,529,370,899,0,40182,40182,0,0,0,0,0,0
forwarding_fixed,POX_EEL,BinTree2,200,0,0,True,True,320,547,867,653,541,1194,0,46096,46096,0,0,0,0,0,0
forwarding_fixed,POX_EEL,BinTree2,200,1,1,False,True,320,547,867,494,370,864,35,40182,40217,1,26,6,1,19,5
forwarding_fixed,POX_EEL,BinTree2,200,1,1,True,True,320,547,867,594,533,1127,67,46096,46163,0,39,9,0,30,8
forwarding_fixed,POX_EEL,BinTree2,200,2,2,False,True,320,547,867,468,370,838,61,40182,40243,3,40,19,0,21,16
forwarding_fixed,POX_EEL,BinTree2,200,2,2,True,True,320,547,867,563,533,1096,98,46096,46194,0,49,16,0,33,14
forwarding_fixed,POX_EEL,BinTree2,200,3,3,False,True,320,547,867,440,370,810,89,40182,40271,6,44,25,0,19,20
forwarding_fixed,POX_EEL,BinTree2,200,3,3,True,True,320,547,867,534,533,1067,127,46096,46223,0,52,23,0,29,19
forwarding_fixed,POX_EEL,BinTree2,200,4,4,False,True,320,547,867,418,370,788,111,40182,40293,9,48,28,0,20,23
forwarding_fixed,POX_EEL,BinTree2,200,4,4,True,True,320,547,867,512,533,1045,149,46096,46245,0,56,26,0,30,22
forwarding_fixed,POX_EEL,BinTree2,200,5,5,False,True,320,547,867,400,370,770,129,40182,40311,9,50,33,0,17,28
forwarding_fixed,POX_EEL,BinTree2,200,5,5,True,True,320,547,867,494,533,1027,167,46096,46263,0,57,31,0,26,27
forwarding_fixed,POX_EEL,BinTree2,200,6,6,False,True,320,547,867,380,370,750,149,40182,40331,14,53,37,0,16,31
forwarding_fixed,POX_EEL,BinTree2,200,6,6,True,True,320,547,867,474,533,1007,187,46096,46283,0,58,34,0,24,30
forwarding_fixed,POX_EEL,BinTree2,200,7,7,False,True,320,547,867,354,370,724,175,40182,40357,15,61,43,0,18,37
forwarding_fixed,POX_EEL,BinTree2,200,7,7,True,True,320,547,867,448,533,981,213,46096,46309,0,62,39,0,23,35
forwarding_fixed,POX_EEL,BinTree2,200,8,8,False,True,320,547,867,343,370,713,186,40182,40368,16,62,45,0,17,39
forwarding_fixed,POX_EEL,BinTree2,200,8,8,True,True,320,547,867,436,533,969,225,46096,46321,0,64,41,0,23,36
forwarding_fixed,POX_EEL,BinTree2,200,9,9,False,True,320,547,867,328,370,698,201,40182,40383,17,66,46,1,19,40
forwarding_fixed,POX_EEL,BinTree2,200,9,9,True,True,320,547,867,421,533,954,240,46096,46336,0,68,42,0,26,37
forwarding_fixed,POX_EEL,BinTree2,200,10,10,False,True,320,547,867,311,370,681,218,40182,40400,18,67,48,0,19,42
forwarding_fixed,POX_EEL,BinTree2,200,10,10,True,True,320,547,867,404,533,937,257,46096,46353,0,69,44,0,25,38
forwarding_fixed,POX_EEL,BinTree2,200,inf,inf,False,True,320,547,867,0,0,0,899,40182,41081,135,123,57,14,52,50
forwarding_fixed,POX_EEL,BinTree2,200,inf,inf,True,True,320,547,867,0,0,0,1194,46096,47290,0,131,54,0,77,46
forwarding_fixed,POX_EEL,Mesh2,200,0,0,False,True,87,18,105,168,0,168,0,559,559,0,0,0,0,0,0
forwarding_fixed,POX_EEL,Mesh2,200,0,0,True,True,87,18,105,184,16,200,0,659,659,0,0,0,0,0,0
forwarding_fixed,POX_EEL,Mesh2,200,1,1,False,True,87,18,105,148,0,148,20,559,579,3,10,7,1,2,5
forwarding_fixed,POX_EEL,Mesh2,200,1,1,True,True,87,18,105,159,14,173,27,659,686,0,10,9,0,1,7
forwarding_fixed,POX_EEL,Mesh2,200,2,2,False,True,87,18,105,143,0,143,25,559,584,3,12,10,1,1,5
forwarding_fixed,POX_EEL,Mesh2,200,2,2,True,True,87,18,105,153,14,167,33,659,692,0,12,12,0,0,8
forwarding_fixed,POX_EEL,Mesh2,200,3,3,False,True,87,18,105,131,0,131,37,559,596,3,19,16,1,2,7
forwarding_fixed,POX_EEL,Mesh2,200,3,3,True,True,87,18,105,141,14,155,45,659,704,0,19,18,0,1,10
forwarding_fixed,POX_EEL,Mesh2,200,4,4,False,True,87,18,105,117,0,117,51,559,610,7,24,20,3,1,5
forwarding_fixed,POX_EEL,Mesh2,200,4,4,True,True,87,18,105,127,14,141,59,659,718,0,24,24,0,0,8
forwarding_fixed,POX_EEL,Mesh2,200,5,5,False,True,87,18,105,107,0,107,61,559,620,7,30,24,3,3,6
forwarding_fixed,POX_EEL,Mesh2,200,5,5,True,True,87,18,105,117,14,131,69,659,728,0,30,28,0,2,9
forwarding_fixed,POX_EEL,Mesh2,200,6,6,False,True,87,18,105,102,0,102,66,559,625,9,31,26,4,1,6
forwarding_fixed,POX_EEL,Mesh2,200,6,6,True,True,87,18,105,112,14,126,74,659,733,0,31,31,0,0,9
forwarding_fixed,POX_EEL,Mesh2,200,7,7,False,True,87,18,105,97,0,97,71,559,630,11,33,27,5,1,6
forwarding_fixed,POX_EEL,Mesh2,200,7,7,True,True,87,18,105,107,14,121,79,659,738,0,33,33,0,0,9
forwarding_fixed,POX_EEL,Mesh2,200,8,8,False,True,87,18,105,81,0,81,87,559,646,15,40,32,7,1,5
forwarding_fixed,POX_EEL,Mesh2,200,8,8,True,True,87,18,105,91,14,105,95,659,754,0,40,40,0,0,8
forwarding_fixed,POX_EEL,Mesh2,200,9,9,False,True,87,18,105,77,0,77,91,559,650,16,42,33,7,2,5
forwarding_fixed,POX_EEL,Mesh2,200,9,9,True,True,87,18,105,87,14,101,99,659,758,0,42,41,0,1,8
forwarding_fixed,POX_EEL,Mesh2,200,10,10,False,True,87,18,105,77,0,77,91,559,650,16,42,33,7,2,5
forwarding_fixed,POX_EEL,Mesh2,200,10,10,True,True,87,18,105,87,14,101,99,659,758,0,42,41,0,1,8
forwarding_fixed,POX_EEL,Mesh2,200,inf,inf,False,True,87,18,105,0,0,0,168,559,727,89,42,33,9,0,7
forwarding_fixed,POX_EEL,Mesh2,200,inf,inf,True,True,87,18,105,0,0,0,200,659,859,0,42,41,0,1,8
forwarding_fixed,POX_EEL,Star2,200,0,0,False,True,43,8,51,80,0,80,0,250,250,0,0,0,0,0,0
forwarding_fixed,POX_EEL,Star2,200,0,0,True,True,43,8,51,86,7,93,0,279,279,0,0,0,0,0,0
forwarding_fixed,POX_EEL,Star2,200,1,1,False,True,43,8,51,71,0,71,9,250,259,0,7,0,0,7,0
forwarding_fixed,POX_EEL,Star2,200,1,1,True,True,43,8,51,75,6,81,12,279,291,0,8,0,0,8,0
forwarding_fixed,POX_EEL,Star2,200,2,2,False,True,43,8,51,67,0,67,13,250,263,0,11,0,0,11,0
forwarding_fixed,POX_EEL,Star2,200,2,2,True,True,43,8,51,71,6,77,16,279,295,0,12,0,0,12,0
forwarding_fixed,POX_EEL,Star2,200,3,3,False,True,43,8,51,67,0,67,13,250,263,0,11,0,0,11,0
forwarding_fixed,POX_EEL,Star2,200,3,3,True,True,43,8,51,71,6,77,16,279,295,0,12,0,0,12,0
forwarding_fixed,POX_EEL,Star2,200,4,4,False,True,43,8,51,63,0,63,17,250,267,0,15,0,0,15,0
forwarding_fixed,POX_EEL,Star2,200,4,4,True,True,43,8,51,67,6,73,20,279,299,0,16,0,0,16,0
forwarding_fixed,POX_EEL,Star2,200,5,5,False,True,43,8,51,55,0,55,25,250,275,0,23,0,0,23,0
forwarding_fixed,POX_EEL,Star2,200,5,5,True,True,43,8,51,59,6,65,28,279,307,0,24,0,0,24,0
forwarding_fixed,POX_EEL,Star2,200,6,6,False,True,43,8,51,55,0,55,25,250,275,0,23,0,0,23,0
forwarding_fixed,POX_EEL,Star2,200,6,6,True,True,43,8,51,59,6,65,28,279,307,0,24,0,0,24,0
forwarding_fixed,POX_EEL,Star2,200,7,7,False,True,43,8,51,49,0,49,31,250,281,0,29,0,0,29,0
forwarding_fixed,POX_EEL,Star2,200,7,7,True,True,43,8,51,53,6,59,34,279,313,0,30,0,0,30,0
forwarding_fixed,POX_EEL,Star2,200,8,8,False,True,43,8,51,47,0,47,33,250,283,0,31,0,0,31,0
forwarding_fixed,POX_EEL,Star2,200,8,8,True,True,43,8,51,51,6,57,36,279,315,0,32,0,0,32,0
forwarding_fixed,POX_EEL,Star2,200,9,9,False,True,43,8,51,40,0,40,40,250,290,0,38,0,0,38,0
forwarding_fixed,POX_EEL,Star2,200,9,9,True,True,43,8,51,44,6,50,43,279,322,0,39,0,0,39,0
forwarding_fixed,POX_EEL,Star2,200,10,10,False,True,43,8,51,39,0,39,41,250,291,0,39,0,0,39,0
forwarding_fixed,POX_EEL,Star2,200,10,10,True,True,43,8,51,43,6,49,44,279,323,0,40,0,0,40,0
forwarding_fixed,POX_EEL,Star2,200,inf,inf,False,True,43,8,51,0,0,0,80,250,330,36,40,0,36,4,0
forwarding_fixed,POX_EEL,Star2,200,inf,inf,True,True,43,8,51,0,0,0,93,279,372,0,40,0,0,40,0
forwarding,POX,BinTree1,200,0,0,False,True,1193,55,1248,7491,160,7651,0,14798,14798,0,0,0,0,0,0
forwarding,POX,BinTree1,200,0,0,True,True,1193,55,1248,7509,200,7709,0,14810,14810,0,0,0,0,0,0
forwarding,POX,BinTree1,200,1,1,False,True,1193,55,1248,7297,120,7417,234,14798,15032,0,59,28,0,31,23
forwarding,POX,BinTree1,200,1,1,True,True,1193,55,1248,7315,157,7472,237,14810,15047,0,59,28,0,31,23
forwarding,POX,BinTree1,200,2,2,False,True,1193,55,1248,7089,75,7164,487,14798,15285,7,81,46,0,35,31
forwarding,POX,BinTree1,200,2,2,True,True,1193,55,1248,7107,112,7219,490,14810,15300,7,81,46,0,35,31
forwarding,POX,BinTree1,200,3,3,False,True,1193,55,1248,6876,48,6924,727,14798,15525,16,98,55,0,43,45
forwarding,POX,BinTree1,200,3,3,True,True,1193,55,1248,6887,77,6964,745,14810,15555,16,98,55,0,43,45
forwarding,POX,BinTree1,200,4,4,False,True,1193,55,1248,6621,22,6643,1008,14798,15806,38,117,67,6,44,48
forwarding,POX,BinTree1,200,4,4,True,True,1193,55,1248,6629,45,6674,1035,14810,15845,25,117,67,1,49,48
forwarding,POX,BinTree1,200,5,5,False,True,1193,55,1248,6383,18,6401,1250,14798,16048,74,132,74,9,49,50
forwarding,POX,BinTree1,200,5,5,True,True,1193,55,1248,6389,30,6419,1290,14810,16100,32,132,74,0,58,49
forwarding,POX,BinTree1,200,6,6,False,True,1193,55,1248,6137,9,6146,1505,14798,16303,118,147,89,12,46,60
forwarding,POX,BinTree1,200,6,6,True,True,1193,55,1248,6140,15,6155,1554,14810,16364,33,147,89,0,58,57
forwarding,POX,BinTree1,200,7,7,False,True,1193,55,1248,5873,0,5873,1778,14798,16576,158,172,107,16,49,59
forwarding,POX,BinTree1,200,7,7,True,True,1193,55,1248,5875,6,5881,1828,14810,16638,36,172,107,0,65,56
forwarding,POX,BinTree1,200,8,8,False,True,1193,55,1248,5614,0,5614,2037,14798,16835,196,190,121,26,43,73
forwarding,POX,BinTree1,200,8,8,True,True,1193,55,1248,5616,3,5619,2090,14810,16900,40,190,121,0,69,70
forwarding,POX,BinTree1,200,9,9,False,True,1193,55,1248,5335,0,5335,2316,14798,17114,240,209,132,31,46,70
forwarding,POX,BinTree1,200,9,9,True,True,1193,55,1248,5336,0,5336,2373,14810,17183,46,209,132,0,77,67
forwarding,POX,BinTree1,200,10,10,False,True,1193,55,1248,5053,0,5053,2598,14798,17396,282,223,142,34,47,73
forwarding,POX,BinTree1,200,10,10,True,True,1193,55,1248,5053,0,5053,2656,14810,17466,55,223,142,0,81,68
forwarding,POX,BinTree1,200,inf,inf,False,True,1193,55,1248,0,0,0,7651,14798,22449,1279,515,341,153,21,29
forwarding,POX,BinTree1,200,inf,inf,True,True,1193,55,1248,0,0,0,7709,14810,22519,135,515,341,0,174,24
forwarding,POX,Star2,200,0,0,False,True,236,6,242,702,0,702,0,712,712,0,0,0,0,0,0
forwarding,POX,Star2,200,0,0,True,True,236,6,242,706,5,711,0,712,712,0,0,0,0,0,0
forwarding,POX,Star2,200,1,1,False,True,236,6,242,675,0,675,27,712,739,0,15,0,0,15,0
forwarding,POX,Star2,200,1,1,True,True,236,6,242,679,4,683,28,712,740,0,15,0,0,15,0
forwarding,POX,Star2,200,2,2,False,True,236,6,242,649,0,649,53,712,765,0,28,0,0,28,0
forwarding,POX,Star2,200,2,2,True,True,236,6,242,653,4,657,54,712,766,0,28,0,0,28,0
forwarding,POX,Star2,200,3,3,False,True,236,6,242,616,0,616,86,712,798,3,43,0,3,40,0
forwarding,POX,Star2,200,3,3,True,True,236,6,242,616,0,616,95,712,807,0,43,0,0,43,0
forwarding,POX,Star2,200,4,4,False,True,236,6,242,588,0,588,114,712,826,13,51,0,13,38,0
forwarding,POX,Star2,200,4,4,True,True,236,6,242,588,0,588,123,712,835,0,51,0,0,51,0
forwarding,POX,Star2,200,5,5,False,True,236,6,242,550,0,550,152,712,864,26,63,0,26,37,0
forwarding,POX,Star2,200,5,5,True,True,236,6,242,550,0,550,161,712,873,0,63,0,0,63,0
forwarding,POX,Star2,200,6,6,False,True,236,6,242,512,0,512,190,712,902,39,77,0,39,38,0
forwarding,POX,Star2,200,6,6,True,True,236,6,242,512,0,512,199,712,911,0,77,0,0,77,0
forwarding,POX,Star2,200,7,7,False,True,236,6,242,481,0,481,221,712,933,48,88,0,48,40,0
forwarding,POX,Star2,200,7,7,True,True,236,6,242,481,0,481,230,712,942,0,88,0,0,88,0
forwarding,POX,Star2,200,8,8,False,True,236,6,242,448,0,448,254,712,966,63,96,0,63,33,0
forwarding,POX,Star2,200,8,8,True,True,236,6,242,448,0,448,263,712,975,0,96,0,0,96,0
forwarding,POX,Star2,200,9,9,False,True,236,6,242,417,0,417,285,712,997,75,106,0,75,31,0
forwarding,POX,Star2,200,9,9,True,True,236,6,242,417,0,417,294,712,1006,0,106,0,0,106,0
forwarding,POX,Star2,200,10,10,False,True,236,6,242,388,0,388,314,712,1026,84,116,0,84,32,0
forwarding,POX,Star2,200,10,10,True,True,236,6,242,388,0,388,323,712,1035,0,116,0,0,116,0
forwarding,POX,Star2,200,inf,inf,False,True,236,6,242,0,0,0,702,712,1414,228,236,0,228,8,0
forwarding,POX,Star2,200,inf,inf,True,True,236,6,242,0,0,0,711,712,1423,0,236,0,0,236,0
