name,run,total_time_sec,
trace_pox_eel_learningswitch-StarTopology2,1,0.223545,
trace_pox_eel_learningswitch-StarTopology2,10,0.187998,
trace_pox_eel_learningswitch-StarTopology2,11,0.183124,
trace_pox_eel_learningswitch-StarTopology2,12,0.172711,
trace_pox_eel_learningswitch-StarTopology2,13,0.179491,
trace_pox_eel_learningswitch-StarTopology2,14,0.19166,
trace_pox_eel_learningswitch-StarTopology2,15,0.159366,
trace_pox_eel_learningswitch-StarTopology2,16,0.180139,
trace_pox_eel_learningswitch-StarTopology2,17,0.173796,
trace_pox_eel_learningswitch-StarTopology2,18,0.165067,
trace_pox_eel_learningswitch-StarTopology2,19,0.192601,
trace_pox_eel_learningswitch-StarTopology2,2,0.20349,
trace_pox_eel_learningswitch-StarTopology2,20,0.199575,
trace_pox_eel_learningswitch-StarTopology2,3,0.200918,
trace_pox_eel_learningswitch-StarTopology2,4,0.185861,
trace_pox_eel_learningswitch-StarTopology2,5,0.189772,
trace_pox_eel_learningswitch-StarTopology2,6,0.158973,
trace_pox_eel_learningswitch-StarTopology2,7,0.203956,
trace_pox_eel_learningswitch-StarTopology2,8,0.217759,
trace_pox_eel_learningswitch-StarTopology2,9,0.209603,0.188885
trace_pox_eel_learningswitch-MeshTopology2,1,0.25898,
trace_pox_eel_learningswitch-MeshTopology2,10,0.238019,
trace_pox_eel_learningswitch-MeshTopology2,11,0.239414,
trace_pox_eel_learningswitch-MeshTopology2,12,0.251589,
trace_pox_eel_learningswitch-MeshTopology2,13,0.241957,
trace_pox_eel_learningswitch-MeshTopology2,14,0.237961,
trace_pox_eel_learningswitch-MeshTopology2,15,0.239706,
trace_pox_eel_learningswitch-MeshTopology2,16,0.233705,
trace_pox_eel_learningswitch-MeshTopology2,17,0.235113,
trace_pox_eel_learningswitch-MeshTopology2,18,0.237321,
trace_pox_eel_learningswitch-MeshTopology2,19,0.236485,
trace_pox_eel_learningswitch-MeshTopology2,2,0.241658,
trace_pox_eel_learningswitch-MeshTopology2,20,0.23772,
trace_pox_eel_learningswitch-MeshTopology2,3,0.235834,
trace_pox_eel_learningswitch-MeshTopology2,4,0.240424,
trace_pox_eel_learningswitch-MeshTopology2,5,0.237557,
trace_pox_eel_learningswitch-MeshTopology2,6,0.236383,
trace_pox_eel_learningswitch-MeshTopology2,7,0.245974,
trace_pox_eel_learningswitch-MeshTopology2,8,0.23654,
trace_pox_eel_learningswitch-MeshTopology2,9,0.237885,
trace_pox_eel_learningswitch-BinaryLeafTreeTopology2,1,17.777825,
trace_pox_eel_learningswitch-BinaryLeafTreeTopology2,10,17.548146,
trace_pox_eel_learningswitch-BinaryLeafTreeTopology2,11,17.66135,
trace_pox_eel_learningswitch-BinaryLeafTreeTopology2,12,17.516616,
trace_pox_eel_learningswitch-BinaryLeafTreeTopology2,13,17.529818,
trace_pox_eel_learningswitch-BinaryLeafTreeTopology2,14,17.642767,
trace_pox_eel_learningswitch-BinaryLeafTreeTopology2,15,17.723611,
trace_pox_eel_learningswitch-BinaryLeafTreeTopology2,16,17.6646,
trace_pox_eel_learningswitch-BinaryLeafTreeTopology2,17,17.774551,
trace_pox_eel_learningswitch-BinaryLeafTreeTopology2,18,17.608414,
trace_pox_eel_learningswitch-BinaryLeafTreeTopology2,19,17.541729,
trace_pox_eel_learningswitch-BinaryLeafTreeTopology2,2,17.554079,
trace_pox_eel_learningswitch-BinaryLeafTreeTopology2,20,17.537344,
trace_pox_eel_learningswitch-BinaryLeafTreeTopology2,3,17.609032,
trace_pox_eel_learningswitch-BinaryLeafTreeTopology2,4,17.766862,
trace_pox_eel_learningswitch-BinaryLeafTreeTopology2,5,17.653907,
trace_pox_eel_learningswitch-BinaryLeafTreeTopology2,6,17.59229,
trace_pox_eel_learningswitch-BinaryLeafTreeTopology2,7,17.636272,
trace_pox_eel_learningswitch-BinaryLeafTreeTopology2,8,17.712672,
trace_pox_eel_learningswitch-BinaryLeafTreeTopology2,9,17.574305,
trace_floodlight_learningswitch-StarTopology2,1,0.244438,
trace_floodlight_learningswitch-StarTopology2,10,0.244035,
trace_floodlight_learningswitch-StarTopology2,11,0.239502,
trace_floodlight_learningswitch-StarTopology2,12,0.245182,
trace_floodlight_learningswitch-StarTopology2,13,0.240636,
trace_floodlight_learningswitch-StarTopology2,14,0.239218,
trace_floodlight_learningswitch-StarTopology2,15,0.239512,
trace_floodlight_learningswitch-StarTopology2,16,0.236422,
trace_floodlight_learningswitch-StarTopology2,17,0.235427,
trace_floodlight_learningswitch-StarTopology2,18,0.244315,
trace_floodlight_learningswitch-StarTopology2,19,0.237962,
trace_floodlight_learningswitch-StarTopology2,2,0.244276,
trace_floodlight_learningswitch-StarTopology2,20,0.240079,
trace_floodlight_learningswitch-StarTopology2,3,0.247255,
trace_floodlight_learningswitch-StarTopology2,4,0.241847,
trace_floodlight_learningswitch-StarTopology2,5,0.240142,
trace_floodlight_learningswitch-StarTopology2,6,0.241777,
trace_floodlight_learningswitch-StarTopology2,7,0.242803,
trace_floodlight_learningswitch-StarTopology2,8,0.240863,
trace_floodlight_learningswitch-StarTopology2,9,0.240756,
trace_floodlight_learningswitch-MeshTopology2,1,0.165514,
trace_floodlight_learningswitch-MeshTopology2,10,0.159787,
trace_floodlight_learningswitch-MeshTopology2,11,0.155694,
trace_floodlight_learningswitch-MeshTopology2,12,0.160219,
trace_floodlight_learningswitch-MeshTopology2,13,0.157467,
trace_floodlight_learningswitch-MeshTopology2,14,0.160867,
trace_floodlight_learningswitch-MeshTopology2,15,0.156583,
trace_floodlight_learningswitch-MeshTopology2,16,0.162187,
trace_floodlight_learningswitch-MeshTopology2,17,0.157397,
trace_floodlight_learningswitch-MeshTopology2,18,0.156975,
trace_floodlight_learningswitch-MeshTopology2,19,0.156973,
trace_floodlight_learningswitch-MeshTopology2,2,0.158363,
trace_floodlight_learningswitch-MeshTopology2,20,0.158219,
trace_floodlight_learningswitch-MeshTopology2,3,0.163366,
trace_floodlight_learningswitch-MeshTopology2,4,0.156311,
trace_floodlight_learningswitch-MeshTopology2,5,0.159176,
trace_floodlight_learningswitch-MeshTopology2,6,0.15864,
trace_floodlight_learningswitch-MeshTopology2,7,0.159097,
trace_floodlight_learningswitch-MeshTopology2,8,0.158159,
trace_floodlight_learningswitch-MeshTopology2,9,0.157847,
trace_floodlight_learningswitch-BinaryLeafTreeTopology2,1,32.600145,
trace_floodlight_learningswitch-BinaryLeafTreeTopology2,10,32.218483,
trace_floodlight_learningswitch-BinaryLeafTreeTopology2,11,32.443517,
trace_floodlight_learningswitch-BinaryLeafTreeTopology2,12,32.163802,
trace_floodlight_learningswitch-BinaryLeafTreeTopology2,13,32.422487,
trace_floodlight_learningswitch-BinaryLeafTreeTopology2,14,32.342559,
trace_floodlight_learningswitch-BinaryLeafTreeTopology2,15,32.411882,
trace_floodlight_learningswitch-BinaryLeafTreeTopology2,16,32.481349,
trace_floodlight_learningswitch-BinaryLeafTreeTopology2,17,32.173531,
trace_floodlight_learningswitch-BinaryLeafTreeTopology2,18,32.41625,
trace_floodlight_learningswitch-BinaryLeafTreeTopology2,19,32.314982,
trace_floodlight_learningswitch-BinaryLeafTreeTopology2,2,32.554061,
trace_floodlight_learningswitch-BinaryLeafTreeTopology2,20,32.534698,
trace_floodlight_learningswitch-BinaryLeafTreeTopology2,3,32.81207,
trace_floodlight_learningswitch-BinaryLeafTreeTopology2,4,32.420797,
trace_floodlight_learningswitch-BinaryLeafTreeTopology2,5,32.532009,
trace_floodlight_learningswitch-BinaryLeafTreeTopology2,6,33.101479,
trace_floodlight_learningswitch-BinaryLeafTreeTopology2,7,32.43865,
trace_floodlight_learningswitch-BinaryLeafTreeTopology2,8,32.705649,
trace_floodlight_learningswitch-BinaryLeafTreeTopology2,9,32.258728,
trace_pox_l2_multi-StarTopology2,1,0.061614,
trace_pox_l2_multi-StarTopology2,10,0.053509,
trace_pox_l2_multi-StarTopology2,11,0.054532,
trace_pox_l2_multi-StarTopology2,12,0.053926,
trace_pox_l2_multi-StarTopology2,13,0.053667,
trace_pox_l2_multi-StarTopology2,14,0.053616,
trace_pox_l2_multi-StarTopology2,15,0.055408,
trace_pox_l2_multi-StarTopology2,16,0.054265,
trace_pox_l2_multi-StarTopology2,17,0.054645,
trace_pox_l2_multi-StarTopology2,18,0.053665,
trace_pox_l2_multi-StarTopology2,19,0.053612,
trace_pox_l2_multi-StarTopology2,2,0.053597,
trace_pox_l2_multi-StarTopology2,20,0.054094,
trace_pox_l2_multi-StarTopology2,3,0.053508,
trace_pox_l2_multi-StarTopology2,4,0.054036,
trace_pox_l2_multi-StarTopology2,5,0.054028,
trace_pox_l2_multi-StarTopology2,6,0.057267,
trace_pox_l2_multi-StarTopology2,7,0.053206,
trace_pox_l2_multi-StarTopology2,8,0.054006,
trace_pox_l2_multi-StarTopology2,9,0.055292,
trace_pox_l2_multi-MeshTopology2,1,0.172796,
trace_pox_l2_multi-MeshTopology2,10,0.167377,
trace_pox_l2_multi-MeshTopology2,11,0.166412,
trace_pox_l2_multi-MeshTopology2,12,0.163183,
trace_pox_l2_multi-MeshTopology2,13,0.164387,
trace_pox_l2_multi-MeshTopology2,14,0.168218,
trace_pox_l2_multi-MeshTopology2,15,0.164597,
trace_pox_l2_multi-MeshTopology2,16,0.164431,
trace_pox_l2_multi-MeshTopology2,17,0.163929,
trace_pox_l2_multi-MeshTopology2,18,0.165557,
trace_pox_l2_multi-MeshTopology2,19,0.172881,
trace_pox_l2_multi-MeshTopology2,2,0.165521,
trace_pox_l2_multi-MeshTopology2,20,0.165657,
trace_pox_l2_multi-MeshTopology2,3,0.163179,
trace_pox_l2_multi-MeshTopology2,4,0.166795,
trace_pox_l2_multi-MeshTopology2,5,0.167339,
trace_pox_l2_multi-MeshTopology2,6,0.166509,
trace_pox_l2_multi-MeshTopology2,7,0.163558,
trace_pox_l2_multi-MeshTopology2,8,0.166812,
trace_pox_l2_multi-MeshTopology2,9,0.16576,
trace_pox_l2_multi-BinaryLeafTreeTopology2,1,6.735343,
trace_pox_l2_multi-BinaryLeafTreeTopology2,10,6.720063,
trace_pox_l2_multi-BinaryLeafTreeTopology2,11,6.751283,
trace_pox_l2_multi-BinaryLeafTreeTopology2,12,6.736947,
trace_pox_l2_multi-BinaryLeafTreeTopology2,13,6.732693,
trace_pox_l2_multi-BinaryLeafTreeTopology2,14,6.739426,
trace_pox_l2_multi-BinaryLeafTreeTopology2,15,6.730907,
trace_pox_l2_multi-BinaryLeafTreeTopology2,16,6.905663,
trace_pox_l2_multi-BinaryLeafTreeTopology2,17,6.750532,
trace_pox_l2_multi-BinaryLeafTreeTopology2,18,6.708165,
trace_pox_l2_multi-BinaryLeafTreeTopology2,19,6.724009,
trace_pox_l2_multi-BinaryLeafTreeTopology2,2,6.752676,
trace_pox_l2_multi-BinaryLeafTreeTopology2,20,6.763595,
trace_pox_l2_multi-BinaryLeafTreeTopology2,3,6.81842,
trace_pox_l2_multi-BinaryLeafTreeTopology2,4,6.75481,
trace_pox_l2_multi-BinaryLeafTreeTopology2,5,6.738247,
trace_pox_l2_multi-BinaryLeafTreeTopology2,6,6.779504,
trace_pox_l2_multi-BinaryLeafTreeTopology2,7,6.807504,
trace_pox_l2_multi-BinaryLeafTreeTopology2,8,6.763925,
trace_pox_l2_multi-BinaryLeafTreeTopology2,9,6.743685,
trace_pox_eel_l2_multi-StarTopology2,1,0.110898,
trace_pox_eel_l2_multi-StarTopology2,10,0.099329,
trace_pox_eel_l2_multi-StarTopology2,11,0.098096,
trace_pox_eel_l2_multi-StarTopology2,12,0.10052,
trace_pox_eel_l2_multi-StarTopology2,13,0.097295,
trace_pox_eel_l2_multi-StarTopology2,14,0.097842,
trace_pox_eel_l2_multi-StarTopology2,15,0.098113,
trace_pox_eel_l2_multi-StarTopology2,16,0.101494,
trace_pox_eel_l2_multi-StarTopology2,17,0.10125,
trace_pox_eel_l2_multi-StarTopology2,18,0.099582,
trace_pox_eel_l2_multi-StarTopology2,19,0.099988,
trace_pox_eel_l2_multi-StarTopology2,2,0.09823,
trace_pox_eel_l2_multi-StarTopology2,20,0.097981,
trace_pox_eel_l2_multi-StarTopology2,3,0.09773,
trace_pox_eel_l2_multi-StarTopology2,4,0.097981,
trace_pox_eel_l2_multi-StarTopology2,5,0.099602,
trace_pox_eel_l2_multi-StarTopology2,6,0.099252,
trace_pox_eel_l2_multi-StarTopology2,7,0.097531,
trace_pox_eel_l2_multi-StarTopology2,8,0.099409,
trace_pox_eel_l2_multi-StarTopology2,9,0.098596,
trace_pox_eel_l2_multi-MeshTopology2,1,0.282379,
trace_pox_eel_l2_multi-MeshTopology2,10,0.267452,
trace_pox_eel_l2_multi-MeshTopology2,11,0.267519,
trace_pox_eel_l2_multi-MeshTopology2,12,0.271052,
trace_pox_eel_l2_multi-MeshTopology2,13,0.263585,
trace_pox_eel_l2_multi-MeshTopology2,14,0.264949,
trace_pox_eel_l2_multi-MeshTopology2,15,0.265971,
trace_pox_eel_l2_multi-MeshTopology2,16,0.267621,
trace_pox_eel_l2_multi-MeshTopology2,17,0.268064,
trace_pox_eel_l2_multi-MeshTopology2,18,0.268344,
trace_pox_eel_l2_multi-MeshTopology2,19,0.268638,
trace_pox_eel_l2_multi-MeshTopology2,2,0.267024,
trace_pox_eel_l2_multi-MeshTopology2,20,0.268459,
trace_pox_eel_l2_multi-MeshTopology2,3,0.268349,
trace_pox_eel_l2_multi-MeshTopology2,4,0.273588,
trace_pox_eel_l2_multi-MeshTopology2,5,0.273719,
trace_pox_eel_l2_multi-MeshTopology2,6,0.273403,
trace_pox_eel_l2_multi-MeshTopology2,7,0.267503,
trace_pox_eel_l2_multi-MeshTopology2,8,0.267615,
trace_pox_eel_l2_multi-MeshTopology2,9,0.266739,
trace_pox_eel_l2_multi-BinaryLeafTreeTopology2,1,29.692706,
trace_pox_eel_l2_multi-BinaryLeafTreeTopology2,10,30.181598,
trace_pox_eel_l2_multi-BinaryLeafTreeTopology2,11,29.753831,
trace_pox_eel_l2_multi-BinaryLeafTreeTopology2,12,29.727981,
trace_pox_eel_l2_multi-BinaryLeafTreeTopology2,13,29.875154,
trace_pox_eel_l2_multi-BinaryLeafTreeTopology2,14,29.844767,
trace_pox_eel_l2_multi-BinaryLeafTreeTopology2,15,29.854021,
trace_pox_eel_l2_multi-BinaryLeafTreeTopology2,16,29.893461,
trace_pox_eel_l2_multi-BinaryLeafTreeTopology2,17,29.909976,
trace_pox_eel_l2_multi-BinaryLeafTreeTopology2,18,29.739411,
trace_pox_eel_l2_multi-BinaryLeafTreeTopology2,19,30.078945,
trace_pox_eel_l2_multi-BinaryLeafTreeTopology2,2,29.691122,
trace_pox_eel_l2_multi-BinaryLeafTreeTopology2,20,30.653865,
trace_pox_eel_l2_multi-BinaryLeafTreeTopology2,3,29.895826,
trace_pox_eel_l2_multi-BinaryLeafTreeTopology2,4,30.0783,
trace_pox_eel_l2_multi-BinaryLeafTreeTopology2,5,30.139727,
trace_pox_eel_l2_multi-BinaryLeafTreeTopology2,6,29.860353,
trace_pox_eel_l2_multi-BinaryLeafTreeTopology2,7,29.966196,
trace_pox_eel_l2_multi-BinaryLeafTreeTopology2,8,29.823916,
trace_pox_eel_l2_multi-BinaryLeafTreeTopology2,9,29.840087,
trace_pox_eel_l2_multi_fixed-StarTopology2,1,0.147469,
trace_pox_eel_l2_multi_fixed-StarTopology2,10,0.140684,
trace_pox_eel_l2_multi_fixed-StarTopology2,11,0.140823,
trace_pox_eel_l2_multi_fixed-StarTopology2,12,0.147572,
trace_pox_eel_l2_multi_fixed-StarTopology2,13,0.146115,
trace_pox_eel_l2_multi_fixed-StarTopology2,14,0.142608,
trace_pox_eel_l2_multi_fixed-StarTopology2,15,0.145992,
trace_pox_eel_l2_multi_fixed-StarTopology2,16,0.145168,
trace_pox_eel_l2_multi_fixed-StarTopology2,17,0.146209,
trace_pox_eel_l2_multi_fixed-StarTopology2,18,0.145953,
trace_pox_eel_l2_multi_fixed-StarTopology2,19,0.143945,
trace_pox_eel_l2_multi_fixed-StarTopology2,2,0.142104,
trace_pox_eel_l2_multi_fixed-StarTopology2,20,0.143663,
trace_pox_eel_l2_multi_fixed-StarTopology2,3,0.144515,
trace_pox_eel_l2_multi_fixed-StarTopology2,4,0.143135,
trace_pox_eel_l2_multi_fixed-StarTopology2,5,0.147032,
trace_pox_eel_l2_multi_fixed-StarTopology2,6,0.147518,
trace_pox_eel_l2_multi_fixed-StarTopology2,7,0.143831,
trace_pox_eel_l2_multi_fixed-StarTopology2,8,0.142803,
trace_pox_eel_l2_multi_fixed-StarTopology2,9,0.148214,
trace_pox_eel_l2_multi_fixed-MeshTopology2,1,0.277828,
trace_pox_eel_l2_multi_fixed-MeshTopology2,10,0.26613,
trace_pox_eel_l2_multi_fixed-MeshTopology2,11,0.266331,
trace_pox_eel_l2_multi_fixed-MeshTopology2,12,0.268513,
trace_pox_eel_l2_multi_fixed-MeshTopology2,13,0.270742,
trace_pox_eel_l2_multi_fixed-MeshTopology2,14,0.267643,
trace_pox_eel_l2_multi_fixed-MeshTopology2,15,0.270545,
trace_pox_eel_l2_multi_fixed-MeshTopology2,16,0.266885,
trace_pox_eel_l2_multi_fixed-MeshTopology2,17,0.27612,
trace_pox_eel_l2_multi_fixed-MeshTopology2,18,0.262715,
trace_pox_eel_l2_multi_fixed-MeshTopology2,19,0.269476,
trace_pox_eel_l2_multi_fixed-MeshTopology2,2,0.270186,
trace_pox_eel_l2_multi_fixed-MeshTopology2,20,0.269195,
trace_pox_eel_l2_multi_fixed-MeshTopology2,3,0.262953,
trace_pox_eel_l2_multi_fixed-MeshTopology2,4,0.269756,
trace_pox_eel_l2_multi_fixed-MeshTopology2,5,0.263137,
trace_pox_eel_l2_multi_fixed-MeshTopology2,6,0.266317,
trace_pox_eel_l2_multi_fixed-MeshTopology2,7,0.274151,
trace_pox_eel_l2_multi_fixed-MeshTopology2,8,0.268482,
trace_pox_eel_l2_multi_fixed-MeshTopology2,9,0.268974,
trace_pox_eel_l2_multi_fixed-BinaryLeafTreeTopology2,1,32.741933,
trace_pox_eel_l2_multi_fixed-BinaryLeafTreeTopology2,10,32.780444,
trace_pox_eel_l2_multi_fixed-BinaryLeafTreeTopology2,11,32.679965,
trace_pox_eel_l2_multi_fixed-BinaryLeafTreeTopology2,12,32.758431,
trace_pox_eel_l2_multi_fixed-BinaryLeafTreeTopology2,13,32.820281,
trace_pox_eel_l2_multi_fixed-BinaryLeafTreeTopology2,14,32.858248,
trace_pox_eel_l2_multi_fixed-BinaryLeafTreeTopology2,15,32.592571,
trace_pox_eel_l2_multi_fixed-BinaryLeafTreeTopology2,16,32.544753,
trace_pox_eel_l2_multi_fixed-BinaryLeafTreeTopology2,17,32.585543,
trace_pox_eel_l2_multi_fixed-BinaryLeafTreeTopology2,18,32.754275,
trace_pox_eel_l2_multi_fixed-BinaryLeafTreeTopology2,19,32.77627,
trace_pox_eel_l2_multi_fixed-BinaryLeafTreeTopology2,2,32.559862,
trace_pox_eel_l2_multi_fixed-BinaryLeafTreeTopology2,20,32.779527,
trace_pox_eel_l2_multi_fixed-BinaryLeafTreeTopology2,3,32.822222,
trace_pox_eel_l2_multi_fixed-BinaryLeafTreeTopology2,4,32.673018,
trace_pox_eel_l2_multi_fixed-BinaryLeafTreeTopology2,5,32.589603,
trace_pox_eel_l2_multi_fixed-BinaryLeafTreeTopology2,6,32.691667,
trace_pox_eel_l2_multi_fixed-BinaryLeafTreeTopology2,7,32.741529,
trace_pox_eel_l2_multi_fixed-BinaryLeafTreeTopology2,8,33.89555,
trace_pox_eel_l2_multi_fixed-BinaryLeafTreeTopology2,9,33.013831,
trace_floodlight_forwarding-StarTopology2,1,0.048861,
trace_floodlight_forwarding-StarTopology2,10,0.04107,
trace_floodlight_forwarding-StarTopology2,11,0.04206,
trace_floodlight_forwarding-StarTopology2,12,0.041162,
trace_floodlight_forwarding-StarTopology2,13,0.041015,
trace_floodlight_forwarding-StarTopology2,14,0.046312,
trace_floodlight_forwarding-StarTopology2,15,0.042171,
trace_floodlight_forwarding-StarTopology2,16,0.042781,
trace_floodlight_forwarding-StarTopology2,17,0.041306,
trace_floodlight_forwarding-StarTopology2,18,0.041373,
trace_floodlight_forwarding-StarTopology2,19,0.040986,
trace_floodlight_forwarding-StarTopology2,2,0.040665,
trace_floodlight_forwarding-StarTopology2,20,0.04087,
trace_floodlight_forwarding-StarTopology2,3,0.042642,
trace_floodlight_forwarding-StarTopology2,4,0.041323,
trace_floodlight_forwarding-StarTopology2,5,0.042444,
trace_floodlight_forwarding-StarTopology2,6,0.041647,
trace_floodlight_forwarding-StarTopology2,7,0.042036,
trace_floodlight_forwarding-StarTopology2,8,0.041336,
trace_floodlight_forwarding-StarTopology2,9,0.041456,
trace_floodlight_forwarding-MeshTopology2,1,0.096482,
trace_floodlight_forwarding-MeshTopology2,10,0.079996,
trace_floodlight_forwarding-MeshTopology2,11,0.082456,
trace_floodlight_forwarding-MeshTopology2,12,0.080292,
trace_floodlight_forwarding-MeshTopology2,13,0.08069,
trace_floodlight_forwarding-MeshTopology2,14,0.082009,
trace_floodlight_forwarding-MeshTopology2,15,0.081715,
trace_floodlight_forwarding-MeshTopology2,16,0.079824,
trace_floodlight_forwarding-MeshTopology2,17,0.085707,
trace_floodlight_forwarding-MeshTopology2,18,0.082521,
trace_floodlight_forwarding-MeshTopology2,19,0.081225,
trace_floodlight_forwarding-MeshTopology2,2,0.080241,
trace_floodlight_forwarding-MeshTopology2,20,0.079364,
trace_floodlight_forwarding-MeshTopology2,3,0.082128,
trace_floodlight_forwarding-MeshTopology2,4,0.08018,
trace_floodlight_forwarding-MeshTopology2,5,0.081286,
trace_floodlight_forwarding-MeshTopology2,6,0.081111,
trace_floodlight_forwarding-MeshTopology2,7,0.080827,
trace_floodlight_forwarding-MeshTopology2,8,0.081735,
trace_floodlight_forwarding-MeshTopology2,9,0.081069,
trace_floodlight_forwarding-BinaryLeafTreeTopology2,1,3.487345,
trace_floodlight_forwarding-BinaryLeafTreeTopology2,10,3.425765,
trace_floodlight_forwarding-BinaryLeafTreeTopology2,11,3.446433,
trace_floodlight_forwarding-BinaryLeafTreeTopology2,12,3.425444,
trace_floodlight_forwarding-BinaryLeafTreeTopology2,13,3.420385,
trace_floodlight_forwarding-BinaryLeafTreeTopology2,14,3.514455,
trace_floodlight_forwarding-BinaryLeafTreeTopology2,15,3.414253,
trace_floodlight_forwarding-BinaryLeafTreeTopology2,16,3.447925,
trace_floodlight_forwarding-BinaryLeafTreeTopology2,17,3.445808,
trace_floodlight_forwarding-BinaryLeafTreeTopology2,18,3.453198,
trace_floodlight_forwarding-BinaryLeafTreeTopology2,19,3.444149,
trace_floodlight_forwarding-BinaryLeafTreeTopology2,2,3.46357,
trace_floodlight_forwarding-BinaryLeafTreeTopology2,20,3.426855,
trace_floodlight_forwarding-BinaryLeafTreeTopology2,3,3.497271,
trace_floodlight_forwarding-BinaryLeafTreeTopology2,4,3.461494,
trace_floodlight_forwarding-BinaryLeafTreeTopology2,5,3.484412,
trace_floodlight_forwarding-BinaryLeafTreeTopology2,6,3.456891,
trace_floodlight_forwarding-BinaryLeafTreeTopology2,7,3.469855,
trace_floodlight_forwarding-BinaryLeafTreeTopology2,8,3.553802,
trace_floodlight_forwarding-BinaryLeafTreeTopology2,9,3.492359,
trace_onos_ifwd-StarTopology2,1,0.425679,
trace_onos_ifwd-StarTopology2,10,0.443445,
trace_onos_ifwd-StarTopology2,11,0.433576,
trace_onos_ifwd-StarTopology2,12,0.448022,
trace_onos_ifwd-StarTopology2,13,0.427944,
trace_onos_ifwd-StarTopology2,14,0.425828,
trace_onos_ifwd-StarTopology2,15,0.425706,
trace_onos_ifwd-StarTopology2,16,0.425848,
trace_onos_ifwd-StarTopology2,17,0.421583,
trace_onos_ifwd-StarTopology2,18,0.41775,
trace_onos_ifwd-StarTopology2,19,0.429083,
trace_onos_ifwd-StarTopology2,2,0.428468,
trace_onos_ifwd-StarTopology2,20,0.422734,
trace_onos_ifwd-StarTopology2,3,0.448439,
trace_onos_ifwd-StarTopology2,4,0.430963,
trace_onos_ifwd-StarTopology2,5,0.439036,
trace_onos_ifwd-StarTopology2,6,0.434811,
trace_onos_ifwd-StarTopology2,7,0.427855,
trace_onos_ifwd-StarTopology2,8,0.436191,
trace_onos_ifwd-StarTopology2,9,0.431771,
trace_onos_ifwd-MeshTopology2,1,1.149076,
trace_onos_ifwd-MeshTopology2,10,1.136758,
trace_onos_ifwd-MeshTopology2,11,1.136408,
trace_onos_ifwd-MeshTopology2,12,1.139126,
trace_onos_ifwd-MeshTopology2,13,1.12172,
trace_onos_ifwd-MeshTopology2,14,1.138378,
trace_onos_ifwd-MeshTopology2,15,1.131988,
trace_onos_ifwd-MeshTopology2,16,1.160788,
trace_onos_ifwd-MeshTopology2,17,1.154045,
trace_onos_ifwd-MeshTopology2,18,1.127462,
trace_onos_ifwd-MeshTopology2,19,1.133915,
trace_onos_ifwd-MeshTopology2,2,1.14344,
trace_onos_ifwd-MeshTopology2,20,1.141895,
trace_onos_ifwd-MeshTopology2,3,1.152676,
trace_onos_ifwd-MeshTopology2,4,1.131829,
trace_onos_ifwd-MeshTopology2,5,1.150412,
trace_onos_ifwd-MeshTopology2,6,1.163027,
trace_onos_ifwd-MeshTopology2,7,1.143261,
trace_onos_ifwd-MeshTopology2,8,1.154979,
trace_onos_ifwd-MeshTopology2,9,1.13788,
trace_onos_ifwd-BinaryLeafTreeTopology2,1,88.388907,
trace_onos_ifwd-BinaryLeafTreeTopology2,10,87.203366,
trace_onos_ifwd-BinaryLeafTreeTopology2,11,87.422963,
trace_onos_ifwd-BinaryLeafTreeTopology2,12,89.725486,
trace_onos_ifwd-BinaryLeafTreeTopology2,13,88.289084,
trace_onos_ifwd-BinaryLeafTreeTopology2,14,87.066231,
trace_onos_ifwd-BinaryLeafTreeTopology2,15,87.05853,
trace_onos_ifwd-BinaryLeafTreeTopology2,16,89.437505,
trace_onos_ifwd-BinaryLeafTreeTopology2,17,87.279877,
trace_onos_ifwd-BinaryLeafTreeTopology2,18,87.463943,
trace_onos_ifwd-BinaryLeafTreeTopology2,19,87.221349,
trace_onos_ifwd-BinaryLeafTreeTopology2,2,87.191112,
trace_onos_ifwd-BinaryLeafTreeTopology2,20,89.093993,
trace_onos_ifwd-BinaryLeafTreeTopology2,3,87.582412,
trace_onos_ifwd-BinaryLeafTreeTopology2,4,86.801137,
trace_onos_ifwd-BinaryLeafTreeTopology2,5,87.517601,
trace_onos_ifwd-BinaryLeafTreeTopology2,6,92.66006,
trace_onos_ifwd-BinaryLeafTreeTopology2,7,87.79413,
trace_onos_ifwd-BinaryLeafTreeTopology2,8,87.616348,
trace_onos_ifwd-BinaryLeafTreeTopology2,9,87.625888,
trace_floodlight_circuitpusher-StarTopology2,1,0.225586,
trace_floodlight_circuitpusher-StarTopology2,10,0.217505,
trace_floodlight_circuitpusher-StarTopology2,11,0.217769,
trace_floodlight_circuitpusher-StarTopology2,12,0.217149,
trace_floodlight_circuitpusher-StarTopology2,13,0.220908,
trace_floodlight_circuitpusher-StarTopology2,14,0.216925,
trace_floodlight_circuitpusher-StarTopology2,15,0.212636,
trace_floodlight_circuitpusher-StarTopology2,16,0.221695,
trace_floodlight_circuitpusher-StarTopology2,17,0.217723,
trace_floodlight_circuitpusher-StarTopology2,18,0.222177,
trace_floodlight_circuitpusher-StarTopology2,19,0.218018,
trace_floodlight_circuitpusher-StarTopology2,2,0.218015,
trace_floodlight_circuitpusher-StarTopology2,20,0.219714,
trace_floodlight_circuitpusher-StarTopology2,3,0.216243,
trace_floodlight_circuitpusher-StarTopology2,4,0.220203,
trace_floodlight_circuitpusher-StarTopology2,5,0.216359,
trace_floodlight_circuitpusher-StarTopology2,6,0.216046,
trace_floodlight_circuitpusher-StarTopology2,7,0.217898,
trace_floodlight_circuitpusher-StarTopology2,8,0.217844,
trace_floodlight_circuitpusher-StarTopology2,9,0.220936,
trace_floodlight_circuitpusher-MeshTopology2,1,0.345237,
trace_floodlight_circuitpusher-MeshTopology2,10,0.338744,
trace_floodlight_circuitpusher-MeshTopology2,11,0.35202,
trace_floodlight_circuitpusher-MeshTopology2,12,0.332326,
trace_floodlight_circuitpusher-MeshTopology2,13,0.332774,
trace_floodlight_circuitpusher-MeshTopology2,14,0.334855,
trace_floodlight_circuitpusher-MeshTopology2,15,0.349926,
trace_floodlight_circuitpusher-MeshTopology2,16,0.332927,
trace_floodlight_circuitpusher-MeshTopology2,17,0.33729,
trace_floodlight_circuitpusher-MeshTopology2,18,0.340207,
trace_floodlight_circuitpusher-MeshTopology2,19,0.331266,
trace_floodlight_circuitpusher-MeshTopology2,2,0.346847,
trace_floodlight_circuitpusher-MeshTopology2,20,0.336911,
trace_floodlight_circuitpusher-MeshTopology2,3,0.332684,
trace_floodlight_circuitpusher-MeshTopology2,4,0.329949,
trace_floodlight_circuitpusher-MeshTopology2,5,0.333407,
trace_floodlight_circuitpusher-MeshTopology2,6,0.334278,
trace_floodlight_circuitpusher-MeshTopology2,7,0.339785,
trace_floodlight_circuitpusher-MeshTopology2,8,0.331743,
trace_floodlight_circuitpusher-MeshTopology2,9,0.339529,
trace_floodlight_circuitpusher-BinaryLeafTreeTopology2,1,1.141266,
trace_floodlight_circuitpusher-BinaryLeafTreeTopology2,10,1.154599,
trace_floodlight_circuitpusher-BinaryLeafTreeTopology2,11,1.145595,
trace_floodlight_circuitpusher-BinaryLeafTreeTopology2,12,1.16365,
trace_floodlight_circuitpusher-BinaryLeafTreeTopology2,13,1.133258,
trace_floodlight_circuitpusher-BinaryLeafTreeTopology2,14,1.148556,
trace_floodlight_circuitpusher-BinaryLeafTreeTopology2,15,1.148639,
trace_floodlight_circuitpusher-BinaryLeafTreeTopology2,16,1.152913,
trace_floodlight_circuitpusher-BinaryLeafTreeTopology2,17,1.131422,
trace_floodlight_circuitpusher-BinaryLeafTreeTopology2,18,1.149396,
trace_floodlight_circuitpusher-BinaryLeafTreeTopology2,19,1.154424,
trace_floodlight_circuitpusher-BinaryLeafTreeTopology2,2,1.164809,
trace_floodlight_circuitpusher-BinaryLeafTreeTopology2,20,1.148213,
trace_floodlight_circuitpusher-BinaryLeafTreeTopology2,3,1.142431,
trace_floodlight_circuitpusher-BinaryLeafTreeTopology2,4,1.156952,
trace_floodlight_circuitpusher-BinaryLeafTreeTopology2,5,1.144339,
trace_floodlight_circuitpusher-BinaryLeafTreeTopology2,6,1.165322,
trace_floodlight_circuitpusher-BinaryLeafTreeTopology2,7,1.134508,
trace_floodlight_circuitpusher-BinaryLeafTreeTopology2,8,1.145285,
trace_floodlight_circuitpusher-BinaryLeafTreeTopology2,9,1.139501,
trace_floodlight_firewall-StarTopology2,1,0.106089,
trace_floodlight_firewall-StarTopology2,10,0.09582,
trace_floodlight_firewall-StarTopology2,11,0.096497,
trace_floodlight_firewall-StarTopology2,12,0.097289,
trace_floodlight_firewall-StarTopology2,13,0.098373,
trace_floodlight_firewall-StarTopology2,14,0.097419,
trace_floodlight_firewall-StarTopology2,15,0.09861,
trace_floodlight_firewall-StarTopology2,16,0.096264,
trace_floodlight_firewall-StarTopology2,17,0.098949,
trace_floodlight_firewall-StarTopology2,18,0.094997,
trace_floodlight_firewall-StarTopology2,19,0.095398,
trace_floodlight_firewall-StarTopology2,2,0.099939,
trace_floodlight_firewall-StarTopology2,20,0.099513,
trace_floodlight_firewall-StarTopology2,3,0.098186,
trace_floodlight_firewall-StarTopology2,4,0.099061,
trace_floodlight_firewall-StarTopology2,5,0.09958,
trace_floodlight_firewall-StarTopology2,6,0.098701,
trace_floodlight_firewall-StarTopology2,7,0.097742,
trace_floodlight_firewall-StarTopology2,8,0.096133,
trace_floodlight_firewall-StarTopology2,9,0.098071,
trace_floodlight_firewall-MeshTopology2,1,0.115386,
trace_floodlight_firewall-MeshTopology2,10,0.108957,
trace_floodlight_firewall-MeshTopology2,11,0.108352,
trace_floodlight_firewall-MeshTopology2,12,0.106974,
trace_floodlight_firewall-MeshTopology2,13,0.10686,
trace_floodlight_firewall-MeshTopology2,14,0.106981,
trace_floodlight_firewall-MeshTopology2,15,0.105886,
trace_floodlight_firewall-MeshTopology2,16,0.10718,
trace_floodlight_firewall-MeshTopology2,17,0.10683,
trace_floodlight_firewall-MeshTopology2,18,0.11188,
trace_floodlight_firewall-MeshTopology2,19,0.107677,
trace_floodlight_firewall-MeshTopology2,2,0.106569,
trace_floodlight_firewall-MeshTopology2,20,0.108041,
trace_floodlight_firewall-MeshTopology2,3,0.107548,
trace_floodlight_firewall-MeshTopology2,4,0.107263,
trace_floodlight_firewall-MeshTopology2,5,0.109941,
trace_floodlight_firewall-MeshTopology2,6,0.106985,
trace_floodlight_firewall-MeshTopology2,7,0.107821,
trace_floodlight_firewall-MeshTopology2,8,0.110085,
trace_floodlight_firewall-MeshTopology2,9,0.109853,
trace_floodlight_firewall-BinaryLeafTreeTopology2,1,0.601476,
trace_floodlight_firewall-BinaryLeafTreeTopology2,10,0.571198,
trace_floodlight_firewall-BinaryLeafTreeTopology2,11,0.587431,
trace_floodlight_firewall-BinaryLeafTreeTopology2,12,0.571561,
trace_floodlight_firewall-BinaryLeafTreeTopology2,13,0.568703,
trace_floodlight_firewall-BinaryLeafTreeTopology2,14,0.587124,
trace_floodlight_firewall-BinaryLeafTreeTopology2,15,0.566826,
trace_floodlight_firewall-BinaryLeafTreeTopology2,16,0.573469,
trace_floodlight_firewall-BinaryLeafTreeTopology2,17,0.569297,
trace_floodlight_firewall-BinaryLeafTreeTopology2,18,0.586568,
trace_floodlight_firewall-BinaryLeafTreeTopology2,19,0.590379,
trace_floodlight_firewall-BinaryLeafTreeTopology2,2,0.56467,
trace_floodlight_firewall-BinaryLeafTreeTopology2,20,0.568772,
trace_floodlight_firewall-BinaryLeafTreeTopology2,3,0.575675,
trace_floodlight_firewall-BinaryLeafTreeTopology2,4,0.590452,
trace_floodlight_firewall-BinaryLeafTreeTopology2,5,0.568958,
trace_floodlight_firewall-BinaryLeafTreeTopology2,6,0.575659,
trace_floodlight_firewall-BinaryLeafTreeTopology2,7,0.578297,
trace_floodlight_firewall-BinaryLeafTreeTopology2,8,0.564384,
trace_floodlight_firewall-BinaryLeafTreeTopology2,9,0.570187,
trace_floodlight_loadbalancer-StarTopology4-steps200//summary_timings_tbl_run_1,2,7.732082,
trace_floodlight_loadbalancer-StarTopology4-steps200//summary_timings_tbl_run_10,2,7.218541,
trace_floodlight_loadbalancer-StarTopology4-steps200//summary_timings_tbl_run_11,2,7.210472,
trace_floodlight_loadbalancer-StarTopology4-steps200//summary_timings_tbl_run_12,2,7.249028,
trace_floodlight_loadbalancer-StarTopology4-steps200//summary_timings_tbl_run_13,2,7.301712,
trace_floodlight_loadbalancer-StarTopology4-steps200//summary_timings_tbl_run_14,2,7.216389,
trace_floodlight_loadbalancer-StarTopology4-steps200//summary_timings_tbl_run_15,2,7.22397,
trace_floodlight_loadbalancer-StarTopology4-steps200//summary_timings_tbl_run_16,2,7.209125,
trace_floodlight_loadbalancer-StarTopology4-steps200//summary_timings_tbl_run_17,2,7.224364,
trace_floodlight_loadbalancer-StarTopology4-steps200//summary_timings_tbl_run_18,2,7.190342,
trace_floodlight_loadbalancer-StarTopology4-steps200//summary_timings_tbl_run_19,2,7.195214,
trace_floodlight_loadbalancer-StarTopology4-steps200//summary_timings_tbl_run_2,2,7.295502,
trace_floodlight_loadbalancer-StarTopology4-steps200//summary_timings_tbl_run_20,2,7.234271,
trace_floodlight_loadbalancer-StarTopology4-steps200//summary_timings_tbl_run_3,2,7.320916,
trace_floodlight_loadbalancer-StarTopology4-steps200//summary_timings_tbl_run_4,2,7.284369,
trace_floodlight_loadbalancer-StarTopology4-steps200//summary_timings_tbl_run_5,2,7.311083,
trace_floodlight_loadbalancer-StarTopology4-steps200//summary_timings_tbl_run_6,2,7.319708,
trace_floodlight_loadbalancer-StarTopology4-steps200//summary_timings_tbl_run_7,2,7.209123,
trace_floodlight_loadbalancer-StarTopology4-steps200//summary_timings_tbl_run_8,2,7.231543,
trace_floodlight_loadbalancer-StarTopology4-steps200//summary_timings_tbl_run_9,2,7.233915,
trace_floodlight_loadbalancer-MeshTopology4-steps200//summary_timings_tbl_run_1,2,5.344041,
trace_floodlight_loadbalancer-MeshTopology4-steps200//summary_timings_tbl_run_10,2,5.315745,
trace_floodlight_loadbalancer-MeshTopology4-steps200//summary_timings_tbl_run_11,2,5.318834,
trace_floodlight_loadbalancer-MeshTopology4-steps200//summary_timings_tbl_run_12,2,5.301584,
trace_floodlight_loadbalancer-MeshTopology4-steps200//summary_timings_tbl_run_13,2,5.382486,
trace_floodlight_loadbalancer-MeshTopology4-steps200//summary_timings_tbl_run_14,2,5.305987,
trace_floodlight_loadbalancer-MeshTopology4-steps200//summary_timings_tbl_run_15,2,5.314382,
trace_floodlight_loadbalancer-MeshTopology4-steps200//summary_timings_tbl_run_16,2,5.325798,
trace_floodlight_loadbalancer-MeshTopology4-steps200//summary_timings_tbl_run_17,2,5.433864,
trace_floodlight_loadbalancer-MeshTopology4-steps200//summary_timings_tbl_run_18,2,5.280106,
trace_floodlight_loadbalancer-MeshTopology4-steps200//summary_timings_tbl_run_19,2,5.323181,
trace_floodlight_loadbalancer-MeshTopology4-steps200//summary_timings_tbl_run_2,2,5.32757,
trace_floodlight_loadbalancer-MeshTopology4-steps200//summary_timings_tbl_run_20,2,5.345326,
trace_floodlight_loadbalancer-MeshTopology4-steps200//summary_timings_tbl_run_3,2,5.315325,
trace_floodlight_loadbalancer-MeshTopology4-steps200//summary_timings_tbl_run_4,2,5.284058,
trace_floodlight_loadbalancer-MeshTopology4-steps200//summary_timings_tbl_run_5,2,5.333387,
trace_floodlight_loadbalancer-MeshTopology4-steps200//summary_timings_tbl_run_6,2,5.294776,
trace_floodlight_loadbalancer-MeshTopology4-steps200//summary_timings_tbl_run_7,2,5.285023,
trace_floodlight_loadbalancer-MeshTopology4-steps200//summary_timings_tbl_run_8,2,5.303279,
trace_floodlight_loadbalancer-MeshTopology4-steps200//summary_timings_tbl_run_9,2,5.292077,
trace_floodlight_loadbalancer-BinaryLeafTreeTopology2-steps200//summary_timings_tbl_run_1,2,73.320169,
trace_floodlight_loadbalancer-BinaryLeafTreeTopology2-steps200//summary_timings_tbl_run_10,2,73.160954,
trace_floodlight_loadbalancer-BinaryLeafTreeTopology2-steps200//summary_timings_tbl_run_11,2,73.235908,
trace_floodlight_loadbalancer-BinaryLeafTreeTopology2-steps200//summary_timings_tbl_run_12,2,73.668738,
trace_floodlight_loadbalancer-BinaryLeafTreeTopology2-steps200//summary_timings_tbl_run_13,2,73.666997,
trace_floodlight_loadbalancer-BinaryLeafTreeTopology2-steps200//summary_timings_tbl_run_14,2,73.25644,
trace_floodlight_loadbalancer-BinaryLeafTreeTopology2-steps200//summary_timings_tbl_run_15,2,73.303069,
trace_floodlight_loadbalancer-BinaryLeafTreeTopology2-steps200//summary_timings_tbl_run_16,2,73.357718,
trace_floodlight_loadbalancer-BinaryLeafTreeTopology2-steps200//summary_timings_tbl_run_17,2,73.233589,
trace_floodlight_loadbalancer-BinaryLeafTreeTopology2-steps200//summary_timings_tbl_run_18,2,73.378484,
trace_floodlight_loadbalancer-BinaryLeafTreeTopology2-steps200//summary_timings_tbl_run_19,2,73.485147,
trace_floodlight_loadbalancer-BinaryLeafTreeTopology2-steps200//summary_timings_tbl_run_2,2,73.777201,
trace_floodlight_loadbalancer-BinaryLeafTreeTopology2-steps200//summary_timings_tbl_run_20,2,73.54968,
trace_floodlight_loadbalancer-BinaryLeafTreeTopology2-steps200//summary_timings_tbl_run_3,2,77.187158,
trace_floodlight_loadbalancer-BinaryLeafTreeTopology2-steps200//summary_timings_tbl_run_4,2,73.358877,
trace_floodlight_loadbalancer-BinaryLeafTreeTopology2-steps200//summary_timings_tbl_run_5,2,73.335626,
trace_floodlight_loadbalancer-BinaryLeafTreeTopology2-steps200//summary_timings_tbl_run_6,2,74.15179,
trace_floodlight_loadbalancer-BinaryLeafTreeTopology2-steps200//summary_timings_tbl_run_7,2,73.542213,
trace_floodlight_loadbalancer-BinaryLeafTreeTopology2-steps200//summary_timings_tbl_run_8,2,73.440401,
trace_floodlight_loadbalancer-BinaryLeafTreeTopology2-steps200//summary_timings_tbl_run_9,2,73.694321,